=== attempt 0 @ 02:19:04 ===
Dolphin ready
Using cpu device
Wrapping the env in a DummyVecEnv.
at 0 steps, 50000 remaining
Logging to /Users/archangel/Documents/Projects/wii-play-tank-ai/logs/PPO_0
---------------------------------
| rollout/           |          |
|    ep_len_mean     | 8.53     |
|    ep_rew_mean     | -4.79    |
| time/              |          |
|    fps             | 1        |
|    iterations      | 1        |
|    time_elapsed    | 75       |
|    total_timesteps | 128      |
---------------------------------
------------------------------------------
| rollout/                |              |
|    ep_len_mean          | 8.79         |
|    ep_rew_mean          | -4.75        |
| time/                   |              |
|    fps                  | 1            |
|    iterations           | 2            |
|    time_elapsed         | 149          |
|    total_timesteps      | 256          |
| train/                  |              |
|    approx_kl            | 0.0117561575 |
|    clip_fraction        | 0.0961       |
|    clip_range           | 0.2          |
|    entropy_loss         | -6.21        |
|    explained_variance   | -0.0788      |
|    learning_rate        | 0.0003       |
|    loss                 | 0.415        |
|    n_updates            | 10           |
|    policy_gradient_loss | -0.0201      |
|    value_loss           | 1.63         |
------------------------------------------
-----------------------------------------
| rollout/                |             |
|    ep_len_mean          | 7.61        |
|    ep_rew_mean          | -4.05       |
| time/                   |             |
|    fps                  | 1           |
|    iterations           | 3           |
|    time_elapsed         | 239         |
|    total_timesteps      | 384         |
| train/                  |             |
|    approx_kl            | 0.019494299 |
|    clip_fraction        | 0.113       |
|    clip_range           | 0.2         |
|    entropy_loss         | -6.19       |
|    explained_variance   | -0.0491     |
|    learning_rate        | 0.0003      |
|    loss                 | 0.0885      |
|    n_updates            | 20          |
|    policy_gradient_loss | -0.0246     |
|    value_loss           | 0.351       |
-----------------------------------------
-----------------------------------------
| rollout/                |             |
|    ep_len_mean          | 7.53        |
|    ep_rew_mean          | -4.23       |
| time/                   |             |
|    fps                  | 1           |
|    iterations           | 4           |
|    time_elapsed         | 353         |
|    total_timesteps      | 512         |
| train/                  |             |
|    approx_kl            | 0.012532529 |
|    clip_fraction        | 0.12        |
|    clip_range           | 0.2         |
|    entropy_loss         | -6.19       |
|    explained_variance   | 0.0122      |
|    learning_rate        | 0.0003      |
|    loss                 | 2.27        |
|    n_updates            | 30          |
|    policy_gradient_loss | -0.0207     |
|    value_loss           | 7.97        |
-----------------------------------------
-----------------------------------------
| rollout/                |             |
|    ep_len_mean          | 7.24        |
|    ep_rew_mean          | -4.17       |
| time/                   |             |
|    fps                  | 1           |
|    iterations           | 5           |
|    time_elapsed         | 430         |
|    total_timesteps      | 640         |
| train/                  |             |
|    approx_kl            | 0.016916573 |
|    clip_fraction        | 0.0969      |
|    clip_range           | 0.2         |
|    entropy_loss         | -6.19       |
|    explained_variance   | -0.615      |
|    learning_rate        | 0.0003      |
|    loss                 | 0.134       |
|    n_updates            | 40          |
|    policy_gradient_loss | -0.0235     |
|    value_loss           | 0.508       |
-----------------------------------------
-----------------------------------------
| rollout/                |             |
|    ep_len_mean          | 7.09        |
|    ep_rew_mean          | -3.94       |
| time/                   |             |
|    fps                  | 1           |
|    iterations           | 6           |
|    time_elapsed         | 515         |
|    total_timesteps      | 768         |
| train/                  |             |
|    approx_kl            | 0.020124616 |
|    clip_fraction        | 0.117       |
|    clip_range           | 0.2         |
|    entropy_loss         | -6.15       |
|    explained_variance   | 0.0109      |
|    learning_rate        | 0.0003      |
|    loss                 | 1.96        |
|    n_updates            | 50          |
|    policy_gradient_loss | -0.0257     |
|    value_loss           | 2.2         |
-----------------------------------------
----------------------------------------
| rollout/                |            |
|    ep_len_mean          | 6.55       |
|    ep_rew_mean          | -3.96      |
| time/                   |            |
|    fps                  | 1          |
|    iterations           | 7          |
|    time_elapsed         | 600        |
|    total_timesteps      | 896        |
| train/                  |            |
|    approx_kl            | 0.01871301 |
|    clip_fraction        | 0.134      |
|    clip_range           | 0.2        |
|    entropy_loss         | -6.14      |
|    explained_variance   | 0.0621     |
|    learning_rate        | 0.0003     |
|    loss                 | 1.68       |
|    n_updates            | 60         |
|    policy_gradient_loss | -0.0322    |
|    value_loss           | 4.91       |
----------------------------------------
-----------------------------------------
| rollout/                |             |
|    ep_len_mean          | 6.83        |
|    ep_rew_mean          | -4.09       |
| time/                   |             |
|    fps                  | 1           |
|    iterations           | 8           |
|    time_elapsed         | 681         |
|    total_timesteps      | 1024        |
| train/                  |             |
|    approx_kl            | 0.022280911 |
|    clip_fraction        | 0.127       |
|    clip_range           | 0.2         |
|    entropy_loss         | -6.13       |
|    explained_variance   | -0.258      |
|    learning_rate        | 0.0003      |
|    loss                 | 0.236       |
|    n_updates            | 70          |
|    policy_gradient_loss | -0.0235     |
|    value_loss           | 0.581       |
-----------------------------------------
-----------------------------------------
| rollout/                |             |
|    ep_len_mean          | 7.23        |
|    ep_rew_mean          | -3.99       |
| time/                   |             |
|    fps                  | 1           |
|    iterations           | 9           |
|    time_elapsed         | 752         |
|    total_timesteps      | 1152        |
| train/                  |             |
|    approx_kl            | 0.017323121 |
|    clip_fraction        | 0.156       |
|    clip_range           | 0.2         |
|    entropy_loss         | -6.14       |
|    explained_variance   | 0.0412      |
|    learning_rate        | 0.0003      |
|    loss                 | 0.886       |
|    n_updates            | 80          |
|    policy_gradient_loss | -0.0248     |
|    value_loss           | 1.84        |
-----------------------------------------
-----------------------------------------
| rollout/                |             |
|    ep_len_mean          | 7.23        |
|    ep_rew_mean          | -3.76       |
| time/                   |             |
|    fps                  | 1           |
|    iterations           | 10          |
|    time_elapsed         | 832         |
|    total_timesteps      | 1280        |
| train/                  |             |
|    approx_kl            | 0.008114124 |
|    clip_fraction        | 0.0203      |
|    clip_range           | 0.2         |
|    entropy_loss         | -6.09       |
|    explained_variance   | -0.00339    |
|    learning_rate        | 0.0003      |
|    loss                 | 5.37        |
|    n_updates            | 90          |
|    policy_gradient_loss | -0.0077     |
|    value_loss           | 10.4        |
-----------------------------------------
-----------------------------------------
| rollout/                |             |
|    ep_len_mean          | 7.52        |
|    ep_rew_mean          | -3.81       |
| time/                   |             |
|    fps                  | 1           |
|    iterations           | 11          |
|    time_elapsed         | 918         |
|    total_timesteps      | 1408        |
| train/                  |             |
|    approx_kl            | 0.008893528 |
|    clip_fraction        | 0.0242      |
|    clip_range           | 0.2         |
|    entropy_loss         | -6.08       |
|    explained_variance   | 0.00848     |
|    learning_rate        | 0.0003      |
|    loss                 | 1.96        |
|    n_updates            | 100         |
|    policy_gradient_loss | -0.0158     |
|    value_loss           | 5.5         |
-----------------------------------------
-----------------------------------------
| rollout/                |             |
|    ep_len_mean          | 6.83        |
|    ep_rew_mean          | -3.97       |
| time/                   |             |
|    fps                  | 1           |
|    iterations           | 12          |
|    time_elapsed         | 1004        |
|    total_timesteps      | 1536        |
| train/                  |             |
|    approx_kl            | 0.017392423 |
|    clip_fraction        | 0.0906      |
|    clip_range           | 0.2         |
|    entropy_loss         | -6.05       |
|    explained_variance   | 0.0563      |
|    learning_rate        | 0.0003      |
|    loss                 | 1.76        |
|    n_updates            | 110         |
|    policy_gradient_loss | -0.0278     |
|    value_loss           | 4.85        |
-----------------------------------------
-----------------------------------------
| rollout/                |             |
|    ep_len_mean          | 7.02        |
|    ep_rew_mean          | -4          |
| time/                   |             |
|    fps                  | 1           |
|    iterations           | 13          |
|    time_elapsed         | 1082        |
|    total_timesteps      | 1664        |
| train/                  |             |
|    approx_kl            | 0.018963903 |
|    clip_fraction        | 0.0773      |
|    clip_range           | 0.2         |
|    entropy_loss         | -6.06       |
|    explained_variance   | 0.0476      |
|    learning_rate        | 0.0003      |
|    loss                 | 0.747       |
|    n_updates            | 120         |
|    policy_gradient_loss | -0.0291     |
|    value_loss           | 1.74        |
-----------------------------------------
---------------------------------------
| rollout/                |           |
|    ep_len_mean          | 7.02      |
|    ep_rew_mean          | -3.82     |
| time/                   |           |
|    fps                  | 1         |
|    iterations           | 14        |
|    time_elapsed         | 1155      |
|    total_timesteps      | 1792      |
| train/                  |           |
|    approx_kl            | 0.0187587 |
|    clip_fraction        | 0.154     |
|    clip_range           | 0.2       |
|    entropy_loss         | -5.99     |
|    explained_variance   | -0.0341   |
|    learning_rate        | 0.0003    |
|    loss                 | 0.562     |
|    n_updates            | 130       |
|    policy_gradient_loss | -0.0307   |
|    value_loss           | 1.2       |
---------------------------------------
-----------------------------------------
| rollout/                |             |
|    ep_len_mean          | 6.66        |
|    ep_rew_mean          | -3.99       |
| time/                   |             |
|    fps                  | 1           |
|    iterations           | 15          |
|    time_elapsed         | 1232        |
|    total_timesteps      | 1920        |
| train/                  |             |
|    approx_kl            | 0.022077408 |
|    clip_fraction        | 0.134       |
|    clip_range           | 0.2         |
|    entropy_loss         | -6          |
|    explained_variance   | 0.0013      |
|    learning_rate        | 0.0003      |
|    loss                 | 4.3         |
|    n_updates            | 140         |
|    policy_gradient_loss | -0.0268     |
|    value_loss           | 6.96        |
-----------------------------------------
[eval @ 2000] mean_return=-4.95 cleared=0/4  L5:0/2 L6:0/2
-----------------------------------------
| eval/                   |             |
|    cleared_rate         | 0           |
|    level_5/clear_rate   | 0           |
|    level_5/mean_return  | -4.99       |
|    level_6/clear_rate   | 0           |
|    level_6/mean_return  | -4.91       |
|    mean_return          | -4.95       |
| rollout/                |             |
|    ep_len_mean          | 6.53        |
|    ep_rew_mean          | -3.99       |
| time/                   |             |
|    fps                  | 1           |
|    iterations           | 16          |
|    time_elapsed         | 1329        |
|    total_timesteps      | 2048        |
| train/                  |             |
|    approx_kl            | 0.016680645 |
|    clip_fraction        | 0.102       |
|    clip_range           | 0.2         |
|    entropy_loss         | -5.98       |
|    explained_variance   | -0.286      |
|    learning_rate        | 0.0003      |
|    loss                 | 0.513       |
|    n_updates            | 150         |
|    policy_gradient_loss | -0.0214     |
|    value_loss           | 2.61        |
-----------------------------------------
-----------------------------------------
| rollout/                |             |
|    ep_len_mean          | 6.73        |
|    ep_rew_mean          | -4.21       |
| time/                   |             |
|    fps                  | 1           |
|    iterations           | 17          |
|    time_elapsed         | 1413        |
|    total_timesteps      | 2176        |
| train/                  |             |
|    approx_kl            | 0.013123097 |
|    clip_fraction        | 0.13        |
|    clip_range           | 0.2         |
|    entropy_loss         | -5.86       |
|    explained_variance   | 0.0107      |
|    learning_rate        | 0.0003      |
|    loss                 | 2.92        |
|    n_updates            | 160         |
|    policy_gradient_loss | -0.025      |
|    value_loss           | 4.13        |
-----------------------------------------
-----------------------------------------
| rollout/                |             |
|    ep_len_mean          | 7.05        |
|    ep_rew_mean          | -4.14       |
| time/                   |             |
|    fps                  | 1           |
|    iterations           | 18          |
|    time_elapsed         | 1483        |
|    total_timesteps      | 2304        |
| train/                  |             |
|    approx_kl            | 0.025532218 |
|    clip_fraction        | 0.186       |
|    clip_range           | 0.2         |
|    entropy_loss         | -5.85       |
|    explained_variance   | -1.17       |
|    learning_rate        | 0.0003      |
|    loss                 | 0.0182      |
|    n_updates            | 170         |
|    policy_gradient_loss | -0.0371     |
|    value_loss           | 0.284       |
-----------------------------------------
-----------------------------------------
| rollout/                |             |
|    ep_len_mean          | 6.87        |
|    ep_rew_mean          | -4.17       |
| time/                   |             |
|    fps                  | 1           |
|    iterations           | 19          |
|    time_elapsed         | 1562        |
|    total_timesteps      | 2432        |
| train/                  |             |
|    approx_kl            | 0.024335647 |
|    clip_fraction        | 0.216       |
|    clip_range           | 0.2         |
|    entropy_loss         | -5.77       |
|    explained_variance   | -0.000371   |
|    learning_rate        | 0.0003      |
|    loss                 | 0.442       |
|    n_updates            | 180         |
|    policy_gradient_loss | -0.0345     |
|    value_loss           | 0.619       |
-----------------------------------------
-----------------------------------------
| rollout/                |             |
|    ep_len_mean          | 7.29        |
|    ep_rew_mean          | -4.26       |
| time/                   |             |
|    fps                  | 1           |
|    iterations           | 20          |
|    time_elapsed         | 1654        |
|    total_timesteps      | 2560        |
| train/                  |             |
|    approx_kl            | 0.008215589 |
|    clip_fraction        | 0.0344      |
|    clip_range           | 0.2         |
|    entropy_loss         | -5.82       |
|    explained_variance   | 0.005       |
|    learning_rate        | 0.0003      |
|    loss                 | 4.79        |
|    n_updates            | 190         |
|    policy_gradient_loss | -0.006      |
|    value_loss           | 5.96        |
-----------------------------------------
-----------------------------------------
| rollout/                |             |
|    ep_len_mean          | 7.34        |
|    ep_rew_mean          | -4.52       |
| time/                   |             |
|    fps                  | 1           |
|    iterations           | 21          |
|    time_elapsed         | 1736        |
|    total_timesteps      | 2688        |
| train/                  |             |
|    approx_kl            | 0.015384571 |
|    clip_fraction        | 0.0656      |
|    clip_range           | 0.2         |
|    entropy_loss         | -5.83       |
|    explained_variance   | -0.00117    |
|    learning_rate        | 0.0003      |
|    loss                 | 0.0307      |
|    n_updates            | 200         |
|    policy_gradient_loss | -0.0269     |
|    value_loss           | 0.521       |
-----------------------------------------
-----------------------------------------
| rollout/                |             |
|    ep_len_mean          | 7.58        |
|    ep_rew_mean          | -4.3        |
| time/                   |             |
|    fps                  | 1           |
|    iterations           | 22          |
|    time_elapsed         | 1818        |
|    total_timesteps      | 2816        |
| train/                  |             |
|    approx_kl            | 0.023592055 |
|    clip_fraction        | 0.186       |
|    clip_range           | 0.2         |
|    entropy_loss         | -5.79       |
|    explained_variance   | 0.0995      |
|    learning_rate        | 0.0003      |
|    loss                 | 0.0207      |
|    n_updates            | 210         |
|    policy_gradient_loss | -0.0389     |
|    value_loss           | 0.239       |
-----------------------------------------
-----------------------------------------
| rollout/                |             |
|    ep_len_mean          | 7.6         |
|    ep_rew_mean          | -4.19       |
| time/                   |             |
|    fps                  | 1           |
|    iterations           | 23          |
|    time_elapsed         | 1926        |
|    total_timesteps      | 2944        |
| train/                  |             |
|    approx_kl            | 0.014548959 |
|    clip_fraction        | 0.109       |
|    clip_range           | 0.2         |
|    entropy_loss         | -5.73       |
|    explained_variance   | 0.0572      |
|    learning_rate        | 0.0003      |
|    loss                 | 3.65        |
|    n_updates            | 220         |
|    policy_gradient_loss | -0.0249     |
|    value_loss           | 4.82        |
-----------------------------------------
-----------------------------------------
| rollout/                |             |
|    ep_len_mean          | 7.5         |
|    ep_rew_mean          | -4.16       |
| time/                   |             |
|    fps                  | 1           |
|    iterations           | 24          |
|    time_elapsed         | 2003        |
|    total_timesteps      | 3072        |
| train/                  |             |
|    approx_kl            | 0.015778216 |
|    clip_fraction        | 0.0898      |
|    clip_range           | 0.2         |
|    entropy_loss         | -5.85       |
|    explained_variance   | -0.0178     |
|    learning_rate        | 0.0003      |
|    loss                 | 0.469       |
|    n_updates            | 230         |
|    policy_gradient_loss | -0.0354     |
|    value_loss           | 0.726       |
-----------------------------------------
-----------------------------------------
| rollout/                |             |
|    ep_len_mean          | 7.81        |
|    ep_rew_mean          | -4.42       |
| time/                   |             |
|    fps                  | 1           |
|    iterations           | 25          |
|    time_elapsed         | 2086        |
|    total_timesteps      | 3200        |
| train/                  |             |
|    approx_kl            | 0.026880609 |
|    clip_fraction        | 0.173       |
|    clip_range           | 0.2         |
|    entropy_loss         | -5.79       |
|    explained_variance   | 0.115       |
|    learning_rate        | 0.0003      |
|    loss                 | 2.08        |
|    n_updates            | 240         |
|    policy_gradient_loss | -0.0317     |
|    value_loss           | 3.43        |
-----------------------------------------
-----------------------------------------
| rollout/                |             |
|    ep_len_mean          | 7.31        |
|    ep_rew_mean          | -4.35       |
| time/                   |             |
|    fps                  | 1           |
|    iterations           | 26          |
|    time_elapsed         | 2175        |
|    total_timesteps      | 3328        |
| train/                  |             |
|    approx_kl            | 0.021715496 |
|    clip_fraction        | 0.146       |
|    clip_range           | 0.2         |
|    entropy_loss         | -5.88       |
|    explained_variance   | -0.518      |
|    learning_rate        | 0.0003      |
|    loss                 | 0.0116      |
|    n_updates            | 250         |
|    policy_gradient_loss | -0.0478     |
|    value_loss           | 0.22        |
-----------------------------------------
-----------------------------------------
| rollout/                |             |
|    ep_len_mean          | 7.42        |
|    ep_rew_mean          | -4.24       |
| time/                   |             |
|    fps                  | 1           |
|    iterations           | 27          |
|    time_elapsed         | 2268        |
|    total_timesteps      | 3456        |
| train/                  |             |
|    approx_kl            | 0.015791766 |
|    clip_fraction        | 0.127       |
|    clip_range           | 0.2         |
|    entropy_loss         | -5.88       |
|    explained_variance   | -0.126      |
|    learning_rate        | 0.0003      |
|    loss                 | -0.00882    |
|    n_updates            | 260         |
|    policy_gradient_loss | -0.0324     |
|    value_loss           | 0.586       |
-----------------------------------------
-----------------------------------------
| rollout/                |             |
|    ep_len_mean          | 7.4         |
|    ep_rew_mean          | -4.25       |
| time/                   |             |
|    fps                  | 1           |
|    iterations           | 28          |
|    time_elapsed         | 2349        |
|    total_timesteps      | 3584        |
| train/                  |             |
|    approx_kl            | 0.025564145 |
|    clip_fraction        | 0.198       |
|    clip_range           | 0.2         |
|    entropy_loss         | -5.86       |
|    explained_variance   | 0.0655      |
|    learning_rate        | 0.0003      |
|    loss                 | -0.0317     |
|    n_updates            | 270         |
|    policy_gradient_loss | -0.0374     |
|    value_loss           | 1.19        |
-----------------------------------------
-----------------------------------------
| rollout/                |             |
|    ep_len_mean          | 7.6         |
|    ep_rew_mean          | -4.35       |
| time/                   |             |
|    fps                  | 1           |
|    iterations           | 29          |
|    time_elapsed         | 2436        |
|    total_timesteps      | 3712        |
| train/                  |             |
|    approx_kl            | 0.013659053 |
|    clip_fraction        | 0.0938      |
|    clip_range           | 0.2         |
|    entropy_loss         | -5.87       |
|    explained_variance   | -0.000128   |
|    learning_rate        | 0.0003      |
|    loss                 | 2.12        |
|    n_updates            | 280         |
|    policy_gradient_loss | -0.0243     |
|    value_loss           | 4.98        |
-----------------------------------------
-----------------------------------------
| rollout/                |             |
|    ep_len_mean          | 7.46        |
|    ep_rew_mean          | -4.34       |
| time/                   |             |
|    fps                  | 1           |
|    iterations           | 30          |
|    time_elapsed         | 2519        |
|    total_timesteps      | 3840        |
| train/                  |             |
|    approx_kl            | 0.021118175 |
|    clip_fraction        | 0.128       |
|    clip_range           | 0.2         |
|    entropy_loss         | -5.89       |
|    explained_variance   | -0.243      |
|    learning_rate        | 0.0003      |
|    loss                 | 0.0186      |
|    n_updates            | 290         |
|    policy_gradient_loss | -0.0408     |
|    value_loss           | 0.336       |
-----------------------------------------
---------------------------------------
| rollout/                |           |
|    ep_len_mean          | 7.22      |
|    ep_rew_mean          | -4.21     |
| time/                   |           |
|    fps                  | 1         |
|    iterations           | 31        |
|    time_elapsed         | 2599      |
|    total_timesteps      | 3968      |
| train/                  |           |
|    approx_kl            | 0.0175413 |
|    clip_fraction        | 0.173     |
|    clip_range           | 0.2       |
|    entropy_loss         | -5.81     |
|    explained_variance   | 0.0435    |
|    learning_rate        | 0.0003    |
|    loss                 | 2.18      |
|    n_updates            | 300       |
|    policy_gradient_loss | -0.0332   |
|    value_loss           | 4.16      |
---------------------------------------
[eval @ 4000] mean_return=-0.44 cleared=0/4  L5:0/2 L6:0/2
-----------------------------------------
| eval/                   |             |
|    cleared_rate         | 0           |
|    level_5/clear_rate   | 0           |
|    level_5/mean_return  | 4           |
|    level_6/clear_rate   | 0           |
|    level_6/mean_return  | -4.87       |
|    mean_return          | -0.437      |
| rollout/                |             |
|    ep_len_mean          | 6.95        |
|    ep_rew_mean          | -4.1        |
| time/                   |             |
|    fps                  | 1           |
|    iterations           | 32          |
|    time_elapsed         | 2735        |
|    total_timesteps      | 4096        |
| train/                  |             |
|    approx_kl            | 0.026455391 |
|    clip_fraction        | 0.245       |
|    clip_range           | 0.2         |
|    entropy_loss         | -5.91       |
|    explained_variance   | 0.0999      |
|    learning_rate        | 0.0003      |
|    loss                 | 1.53        |
|    n_updates            | 310         |
|    policy_gradient_loss | -0.0357     |
|    value_loss           | 3.03        |
-----------------------------------------
-----------------------------------------
| rollout/                |             |
|    ep_len_mean          | 6.52        |
|    ep_rew_mean          | -4.02       |
| time/                   |             |
|    fps                  | 1           |
|    iterations           | 33          |
|    time_elapsed         | 2820        |
|    total_timesteps      | 4224        |
| train/                  |             |
|    approx_kl            | 0.014191857 |
|    clip_fraction        | 0.117       |
|    clip_range           | 0.2         |
|    entropy_loss         | -5.88       |
|    explained_variance   | 0.116       |
|    learning_rate        | 0.0003      |
|    loss                 | 4.35        |
|    n_updates            | 320         |
|    policy_gradient_loss | -0.0223     |
|    value_loss           | 10          |
-----------------------------------------
----------------------------------------
| rollout/                |            |
|    ep_len_mean          | 6.38       |
|    ep_rew_mean          | -4.12      |
| time/                   |            |
|    fps                  | 1          |
|    iterations           | 34         |
|    time_elapsed         | 2900       |
|    total_timesteps      | 4352       |
| train/                  |            |
|    approx_kl            | 0.03251025 |
|    clip_fraction        | 0.266      |
|    clip_range           | 0.2        |
|    entropy_loss         | -5.89      |
|    explained_variance   | 0.175      |
|    learning_rate        | 0.0003     |
|    loss                 | 0.154      |
|    n_updates            | 330        |
|    policy_gradient_loss | -0.033     |
|    value_loss           | 2.43       |
----------------------------------------
-----------------------------------------
| rollout/                |             |
|    ep_len_mean          | 6.57        |
|    ep_rew_mean          | -4.24       |
| time/                   |             |
|    fps                  | 1           |
|    iterations           | 35          |
|    time_elapsed         | 2988        |
|    total_timesteps      | 4480        |
| train/                  |             |
|    approx_kl            | 0.018606834 |
|    clip_fraction        | 0.142       |
|    clip_range           | 0.2         |
|    entropy_loss         | -5.96       |
|    explained_variance   | -1.59       |
|    learning_rate        | 0.0003      |
|    loss                 | 0.0497      |
|    n_updates            | 340         |
|    policy_gradient_loss | -0.0298     |
|    value_loss           | 0.377       |
-----------------------------------------
-----------------------------------------
| rollout/                |             |
|    ep_len_mean          | 6.48        |
|    ep_rew_mean          | -4.1        |
| time/                   |             |
|    fps                  | 1           |
|    iterations           | 36          |
|    time_elapsed         | 3081        |
|    total_timesteps      | 4608        |
| train/                  |             |
|    approx_kl            | 0.031872172 |
|    clip_fraction        | 0.248       |
|    clip_range           | 0.2         |
|    entropy_loss         | -5.87       |
|    explained_variance   | -0.488      |
|    learning_rate        | 0.0003      |
|    loss                 | -0.0138     |
|    n_updates            | 350         |
|    policy_gradient_loss | -0.0484     |
|    value_loss           | 0.164       |
-----------------------------------------
-----------------------------------------
| rollout/                |             |
|    ep_len_mean          | 6.69        |
|    ep_rew_mean          | -4.22       |
| time/                   |             |
|    fps                  | 1           |
|    iterations           | 37          |
|    time_elapsed         | 3164        |
|    total_timesteps      | 4736        |
| train/                  |             |
|    approx_kl            | 0.008034607 |
|    clip_fraction        | 0.0391      |
|    clip_range           | 0.2         |
|    entropy_loss         | -5.87       |
|    explained_variance   | 0.0479      |
|    learning_rate        | 0.0003      |
|    loss                 | 2.93        |
|    n_updates            | 360         |
|    policy_gradient_loss | -0.0144     |
|    value_loss           | 6.39        |
-----------------------------------------
----------------------------------------
| rollout/                |            |
|    ep_len_mean          | 6.93       |
|    ep_rew_mean          | -4.27      |
| time/                   |            |
|    fps                  | 1          |
|    iterations           | 38         |
|    time_elapsed         | 3247       |
|    total_timesteps      | 4864       |
| train/                  |            |
|    approx_kl            | 0.01859818 |
|    clip_fraction        | 0.105      |
|    clip_range           | 0.2        |
|    entropy_loss         | -5.81      |
|    explained_variance   | 0.169      |
|    learning_rate        | 0.0003     |
|    loss                 | 1.44       |
|    n_updates            | 370        |
|    policy_gradient_loss | -0.0283    |
|    value_loss           | 5.39       |
----------------------------------------
-----------------------------------------
| rollout/                |             |
|    ep_len_mean          | 6.92        |
|    ep_rew_mean          | -4.36       |
| time/                   |             |
|    fps                  | 1           |
|    iterations           | 39          |
|    time_elapsed         | 3334        |
|    total_timesteps      | 4992        |
| train/                  |             |
|    approx_kl            | 0.020233534 |
|    clip_fraction        | 0.16        |
|    clip_range           | 0.2         |
|    entropy_loss         | -5.87       |
|    explained_variance   | -0.677      |
|    learning_rate        | 0.0003      |
|    loss                 | 0.261       |
|    n_updates            | 380         |
|    policy_gradient_loss | -0.0328     |
|    value_loss           | 0.703       |
-----------------------------------------
-----------------------------------------
| rollout/                |             |
|    ep_len_mean          | 6.53        |
|    ep_rew_mean          | -4.24       |
| time/                   |             |
|    fps                  | 1           |
|    iterations           | 40          |
|    time_elapsed         | 3440        |
|    total_timesteps      | 5120        |
| train/                  |             |
|    approx_kl            | 0.021161202 |
|    clip_fraction        | 0.151       |
|    clip_range           | 0.2         |
|    entropy_loss         | -5.9        |
|    explained_variance   | -1.5        |
|    learning_rate        | 0.0003      |
|    loss                 | -0.0119     |
|    n_updates            | 390         |
|    policy_gradient_loss | -0.0505     |
|    value_loss           | 0.365       |
-----------------------------------------
-----------------------------------------
| rollout/                |             |
|    ep_len_mean          | 6.79        |
|    ep_rew_mean          | -4.3        |
| time/                   |             |
|    fps                  | 1           |
|    iterations           | 41          |
|    time_elapsed         | 3523        |
|    total_timesteps      | 5248        |
| train/                  |             |
|    approx_kl            | 0.016653715 |
|    clip_fraction        | 0.0828      |
|    clip_range           | 0.2         |
|    entropy_loss         | -5.93       |
|    explained_variance   | 0.0971      |
|    learning_rate        | 0.0003      |
|    loss                 | 0.655       |
|    n_updates            | 400         |
|    policy_gradient_loss | -0.0245     |
|    value_loss           | 3.29        |
-----------------------------------------
-----------------------------------------
| rollout/                |             |
|    ep_len_mean          | 7.33        |
|    ep_rew_mean          | -4.29       |
| time/                   |             |
|    fps                  | 1           |
|    iterations           | 42          |
|    time_elapsed         | 3596        |
|    total_timesteps      | 5376        |
| train/                  |             |
|    approx_kl            | 0.017330319 |
|    clip_fraction        | 0.149       |
|    clip_range           | 0.2         |
|    entropy_loss         | -5.94       |
|    explained_variance   | -0.0665     |
|    learning_rate        | 0.0003      |
|    loss                 | 0.754       |
|    n_updates            | 410         |
|    policy_gradient_loss | -0.0324     |
|    value_loss           | 1.41        |
-----------------------------------------
-----------------------------------------
| rollout/                |             |
|    ep_len_mean          | 7.58        |
|    ep_rew_mean          | -4.2        |
| time/                   |             |
|    fps                  | 1           |
|    iterations           | 43          |
|    time_elapsed         | 3678        |
|    total_timesteps      | 5504        |
| train/                  |             |
|    approx_kl            | 0.029211601 |
|    clip_fraction        | 0.164       |
|    clip_range           | 0.2         |
|    entropy_loss         | -5.92       |
|    explained_variance   | 0.0992      |
|    learning_rate        | 0.0003      |
|    loss                 | 2.23        |
|    n_updates            | 420         |
|    policy_gradient_loss | -0.0353     |
|    value_loss           | 5.59        |
-----------------------------------------
----------------------------------------
| rollout/                |            |
|    ep_len_mean          | 7.47       |
|    ep_rew_mean          | -4         |
| time/                   |            |
|    fps                  | 1          |
|    iterations           | 44         |
|    time_elapsed         | 3752       |
|    total_timesteps      | 5632       |
| train/                  |            |
|    approx_kl            | 0.02006092 |
|    clip_fraction        | 0.168      |
|    clip_range           | 0.2        |
|    entropy_loss         | -5.83      |
|    explained_variance   | 0.0876     |
|    learning_rate        | 0.0003     |
|    loss                 | 2.27       |
|    n_updates            | 430        |
|    policy_gradient_loss | -0.0303    |
|    value_loss           | 3.44       |
----------------------------------------
-----------------------------------------
| rollout/                |             |
|    ep_len_mean          | 7.79        |
|    ep_rew_mean          | -3.91       |
| time/                   |             |
|    fps                  | 1           |
|    iterations           | 45          |
|    time_elapsed         | 3835        |
|    total_timesteps      | 5760        |
| train/                  |             |
|    approx_kl            | 0.015556276 |
|    clip_fraction        | 0.0875      |
|    clip_range           | 0.2         |
|    entropy_loss         | -5.83       |
|    explained_variance   | 0.102       |
|    learning_rate        | 0.0003      |
|    loss                 | 3.93        |
|    n_updates            | 440         |
|    policy_gradient_loss | -0.0282     |
|    value_loss           | 7.79        |
-----------------------------------------
-----------------------------------------
| rollout/                |             |
|    ep_len_mean          | 7.69        |
|    ep_rew_mean          | -3.82       |
| time/                   |             |
|    fps                  | 1           |
|    iterations           | 46          |
|    time_elapsed         | 3919        |
|    total_timesteps      | 5888        |
| train/                  |             |
|    approx_kl            | 0.024345402 |
|    clip_fraction        | 0.23        |
|    clip_range           | 0.2         |
|    entropy_loss         | -5.69       |
|    explained_variance   | 0.0962      |
|    learning_rate        | 0.0003      |
|    loss                 | 1.53        |
|    n_updates            | 450         |
|    policy_gradient_loss | -0.0281     |
|    value_loss           | 5.51        |
-----------------------------------------
[eval @ 6000] mean_return=-0.46 cleared=0/4  L5:0/2 L6:0/2
-----------------------------------------
| eval/                   |             |
|    cleared_rate         | 0           |
|    level_5/clear_rate   | 0           |
|    level_5/mean_return  | 4           |
|    level_6/clear_rate   | 0           |
|    level_6/mean_return  | -4.92       |
|    mean_return          | -0.458      |
| rollout/                |             |
|    ep_len_mean          | 7.65        |
|    ep_rew_mean          | -3.91       |
| time/                   |             |
|    fps                  | 1           |
|    iterations           | 47          |
|    time_elapsed         | 4048        |
|    total_timesteps      | 6016        |
| train/                  |             |
|    approx_kl            | 0.023208736 |
|    clip_fraction        | 0.113       |
|    clip_range           | 0.2         |
|    entropy_loss         | -5.69       |
|    explained_variance   | 0.202       |
|    learning_rate        | 0.0003      |
|    loss                 | 3.04        |
|    n_updates            | 460         |
|    policy_gradient_loss | -0.0279     |
|    value_loss           | 5.9         |
-----------------------------------------
-----------------------------------------
| rollout/                |             |
|    ep_len_mean          | 6.4         |
|    ep_rew_mean          | -4.05       |
| time/                   |             |
|    fps                  | 1           |
|    iterations           | 48          |
|    time_elapsed         | 4151        |
|    total_timesteps      | 6144        |
| train/                  |             |
|    approx_kl            | 0.020817865 |
|    clip_fraction        | 0.126       |
|    clip_range           | 0.2         |
|    entropy_loss         | -5.69       |
|    explained_variance   | -2.74       |
|    learning_rate        | 0.0003      |
|    loss                 | 0.0837      |
|    n_updates            | 470         |
|    policy_gradient_loss | -0.0179     |
|    value_loss           | 0.737       |
-----------------------------------------
-----------------------------------------
| rollout/                |             |
|    ep_len_mean          | 6.35        |
|    ep_rew_mean          | -4.3        |
| time/                   |             |
|    fps                  | 1           |
|    iterations           | 49          |
|    time_elapsed         | 4228        |
|    total_timesteps      | 6272        |
| train/                  |             |
|    approx_kl            | 0.012492346 |
|    clip_fraction        | 0.119       |
|    clip_range           | 0.2         |
|    entropy_loss         | -5.76       |
|    explained_variance   | 0.0589      |
|    learning_rate        | 0.0003      |
|    loss                 | 1.51        |
|    n_updates            | 480         |
|    policy_gradient_loss | -0.0196     |
|    value_loss           | 2.54        |
-----------------------------------------
----------------------------------------
| rollout/                |            |
|    ep_len_mean          | 6.05       |
|    ep_rew_mean          | -3.99      |
| time/                   |            |
|    fps                  | 1          |
|    iterations           | 50         |
|    time_elapsed         | 4311       |
|    total_timesteps      | 6400       |
| train/                  |            |
|    approx_kl            | 0.02745485 |
|    clip_fraction        | 0.175      |
|    clip_range           | 0.2        |
|    entropy_loss         | -5.74      |
|    explained_variance   | -0.644     |
|    learning_rate        | 0.0003     |
|    loss                 | 0.0111     |
|    n_updates            | 490        |
|    policy_gradient_loss | -0.0409    |
|    value_loss           | 0.259      |
----------------------------------------
-----------------------------------------
| rollout/                |             |
|    ep_len_mean          | 6.05        |
|    ep_rew_mean          | -3.97       |
| time/                   |             |
|    fps                  | 1           |
|    iterations           | 51          |
|    time_elapsed         | 4389        |
|    total_timesteps      | 6528        |
| train/                  |             |
|    approx_kl            | 0.019563532 |
|    clip_fraction        | 0.177       |
|    clip_range           | 0.2         |
|    entropy_loss         | -5.73       |
|    explained_variance   | -0.000607   |
|    learning_rate        | 0.0003      |
|    loss                 | 3.29        |
|    n_updates            | 500         |
|    policy_gradient_loss | -0.023      |
|    value_loss           | 7.9         |
-----------------------------------------
-----------------------------------------
| rollout/                |             |
|    ep_len_mean          | 6.15        |
|    ep_rew_mean          | -3.75       |
| time/                   |             |
|    fps                  | 1           |
|    iterations           | 52          |
|    time_elapsed         | 4475        |
|    total_timesteps      | 6656        |
| train/                  |             |
|    approx_kl            | 0.021277355 |
|    clip_fraction        | 0.192       |
|    clip_range           | 0.2         |
|    entropy_loss         | -5.69       |
|    explained_variance   | 0.0428      |
|    learning_rate        | 0.0003      |
|    loss                 | 0.44        |
|    n_updates            | 510         |
|    policy_gradient_loss | -0.0313     |
|    value_loss           | 1.53        |
-----------------------------------------
-----------------------------------------
| rollout/                |             |
|    ep_len_mean          | 7.01        |
|    ep_rew_mean          | -3.81       |
| time/                   |             |
|    fps                  | 1           |
|    iterations           | 53          |
|    time_elapsed         | 4555        |
|    total_timesteps      | 6784        |
| train/                  |             |
|    approx_kl            | 0.012440435 |
|    clip_fraction        | 0.134       |
|    clip_range           | 0.2         |
|    entropy_loss         | -5.75       |
|    explained_variance   | 0.0242      |
|    learning_rate        | 0.0003      |
|    loss                 | 0.868       |
|    n_updates            | 520         |
|    policy_gradient_loss | -0.02       |
|    value_loss           | 4.77        |
-----------------------------------------
----------------------------------------
| rollout/                |            |
|    ep_len_mean          | 7.26       |
|    ep_rew_mean          | -3.73      |
| time/                   |            |
|    fps                  | 1          |
|    iterations           | 54         |
|    time_elapsed         | 4639       |
|    total_timesteps      | 6912       |
| train/                  |            |
|    approx_kl            | 0.03341569 |
|    clip_fraction        | 0.317      |
|    clip_range           | 0.2        |
|    entropy_loss         | -5.82      |
|    explained_variance   | 0.0857     |
|    learning_rate        | 0.0003     |
|    loss                 | 0.139      |
|    n_updates            | 530        |
|    policy_gradient_loss | -0.0336    |
|    value_loss           | 0.448      |
----------------------------------------
-----------------------------------------
| rollout/                |             |
|    ep_len_mean          | 7.62        |
|    ep_rew_mean          | -3.58       |
| time/                   |             |
|    fps                  | 1           |
|    iterations           | 55          |
|    time_elapsed         | 4714        |
|    total_timesteps      | 7040        |
| train/                  |             |
|    approx_kl            | 0.024880184 |
|    clip_fraction        | 0.27        |
|    clip_range           | 0.2         |
|    entropy_loss         | -5.77       |
|    explained_variance   | 0.0268      |
|    learning_rate        | 0.0003      |
|    loss                 | 2.13        |
|    n_updates            | 540         |
|    policy_gradient_loss | -0.0315     |
|    value_loss           | 3.01        |
-----------------------------------------
-----------------------------------------
| rollout/                |             |
|    ep_len_mean          | 7.77        |
|    ep_rew_mean          | -3.54       |
| time/                   |             |
|    fps                  | 1           |
|    iterations           | 56          |
|    time_elapsed         | 4801        |
|    total_timesteps      | 7168        |
| train/                  |             |
|    approx_kl            | 0.021743376 |
|    clip_fraction        | 0.171       |
|    clip_range           | 0.2         |
|    entropy_loss         | -5.64       |
|    explained_variance   | 0.0532      |
|    learning_rate        | 0.0003      |
|    loss                 | 1.85        |
|    n_updates            | 550         |
|    policy_gradient_loss | -0.0382     |
|    value_loss           | 2.35        |
-----------------------------------------
-----------------------------------------
| rollout/                |             |
|    ep_len_mean          | 8.13        |
|    ep_rew_mean          | -3.8        |
| time/                   |             |
|    fps                  | 1           |
|    iterations           | 57          |
|    time_elapsed         | 4884        |
|    total_timesteps      | 7296        |
| train/                  |             |
|    approx_kl            | 0.021377996 |
|    clip_fraction        | 0.156       |
|    clip_range           | 0.2         |
|    entropy_loss         | -5.7        |
|    explained_variance   | 0.137       |
|    learning_rate        | 0.0003      |
|    loss                 | 2.86        |
|    n_updates            | 560         |
|    policy_gradient_loss | -0.0356     |
|    value_loss           | 3.91        |
-----------------------------------------
-----------------------------------------
| rollout/                |             |
|    ep_len_mean          | 8.29        |
|    ep_rew_mean          | -4.3        |
| time/                   |             |
|    fps                  | 1           |
|    iterations           | 58          |
|    time_elapsed         | 4967        |
|    total_timesteps      | 7424        |
| train/                  |             |
|    approx_kl            | 0.027356027 |
|    clip_fraction        | 0.191       |
|    clip_range           | 0.2         |
|    entropy_loss         | -5.72       |
|    explained_variance   | -0.099      |
|    learning_rate        | 0.0003      |
|    loss                 | 0.142       |
|    n_updates            | 570         |
|    policy_gradient_loss | -0.037      |
|    value_loss           | 0.466       |
-----------------------------------------
-----------------------------------------
| rollout/                |             |
|    ep_len_mean          | 7.76        |
|    ep_rew_mean          | -4.07       |
| time/                   |             |
|    fps                  | 1           |
|    iterations           | 59          |
|    time_elapsed         | 5040        |
|    total_timesteps      | 7552        |
| train/                  |             |
|    approx_kl            | 0.024478193 |
|    clip_fraction        | 0.23        |
|    clip_range           | 0.2         |
|    entropy_loss         | -5.74       |
|    explained_variance   | -0.447      |
|    learning_rate        | 0.0003      |
|    loss                 | -0.0173     |
|    n_updates            | 580         |
|    policy_gradient_loss | -0.0303     |
|    value_loss           | 0.149       |
-----------------------------------------
-----------------------------------------
| rollout/                |             |
|    ep_len_mean          | 7.53        |
|    ep_rew_mean          | -4.14       |
| time/                   |             |
|    fps                  | 1           |
|    iterations           | 60          |
|    time_elapsed         | 5117        |
|    total_timesteps      | 7680        |
| train/                  |             |
|    approx_kl            | 0.027705869 |
|    clip_fraction        | 0.195       |
|    clip_range           | 0.2         |
|    entropy_loss         | -5.71       |
|    explained_variance   | 0.0708      |
|    learning_rate        | 0.0003      |
|    loss                 | 0.805       |
|    n_updates            | 590         |
|    policy_gradient_loss | -0.0315     |
|    value_loss           | 3.22        |
-----------------------------------------
-----------------------------------------
| rollout/                |             |
|    ep_len_mean          | 7.32        |
|    ep_rew_mean          | -4.12       |
| time/                   |             |
|    fps                  | 1           |
|    iterations           | 61          |
|    time_elapsed         | 5201        |
|    total_timesteps      | 7808        |
| train/                  |             |
|    approx_kl            | 0.015546748 |
|    clip_fraction        | 0.148       |
|    clip_range           | 0.2         |
|    entropy_loss         | -5.75       |
|    explained_variance   | 0.0835      |
|    learning_rate        | 0.0003      |
|    loss                 | 0.11        |
|    n_updates            | 600         |
|    policy_gradient_loss | -0.0232     |
|    value_loss           | 0.81        |
-----------------------------------------
-----------------------------------------
| rollout/                |             |
|    ep_len_mean          | 6.66        |
|    ep_rew_mean          | -4.2        |
| time/                   |             |
|    fps                  | 1           |
|    iterations           | 62          |
|    time_elapsed         | 5294        |
|    total_timesteps      | 7936        |
| train/                  |             |
|    approx_kl            | 0.021503069 |
|    clip_fraction        | 0.163       |
|    clip_range           | 0.2         |
|    entropy_loss         | -5.72       |
|    explained_variance   | 0.0381      |
|    learning_rate        | 0.0003      |
|    loss                 | 1.73        |
|    n_updates            | 610         |
|    policy_gradient_loss | -0.0278     |
|    value_loss           | 3.12        |
-----------------------------------------
[eval @ 8000] mean_return=-4.98 cleared=0/4  L5:0/2 L6:0/2
----------------------------------------
| eval/                   |            |
|    cleared_rate         | 0          |
|    level_5/clear_rate   | 0          |
|    level_5/mean_return  | -5         |
|    level_6/clear_rate   | 0          |
|    level_6/mean_return  | -4.97      |
|    mean_return          | -4.98      |
| rollout/                |            |
|    ep_len_mean          | 6.63       |
|    ep_rew_mean          | -4.1       |
| time/                   |            |
|    fps                  | 1          |
|    iterations           | 63         |
|    time_elapsed         | 5385       |
|    total_timesteps      | 8064       |
| train/                  |            |
|    approx_kl            | 0.02135577 |
|    clip_fraction        | 0.0977     |
|    clip_range           | 0.2        |
|    entropy_loss         | -5.75      |
|    explained_variance   | 0.213      |
|    learning_rate        | 0.0003     |
|    loss                 | -0.00762   |
|    n_updates            | 620        |
|    policy_gradient_loss | -0.0262    |
|    value_loss           | 0.483      |
----------------------------------------
-----------------------------------------
| rollout/                |             |
|    ep_len_mean          | 7.26        |
|    ep_rew_mean          | -4.27       |
| time/                   |             |
|    fps                  | 1           |
|    iterations           | 64          |
|    time_elapsed         | 5459        |
|    total_timesteps      | 8192        |
| train/                  |             |
|    approx_kl            | 0.015784124 |
|    clip_fraction        | 0.184       |
|    clip_range           | 0.2         |
|    entropy_loss         | -5.72       |
|    explained_variance   | -0.0598     |
|    learning_rate        | 0.0003      |
|    loss                 | 0.686       |
|    n_updates            | 630         |
|    policy_gradient_loss | -0.0215     |
|    value_loss           | 1.44        |
-----------------------------------------
-----------------------------------------
| rollout/                |             |
|    ep_len_mean          | 7.44        |
|    ep_rew_mean          | -4.28       |
| time/                   |             |
|    fps                  | 1           |
|    iterations           | 65          |
|    time_elapsed         | 5538        |
|    total_timesteps      | 8320        |
| train/                  |             |
|    approx_kl            | 0.024437852 |
|    clip_fraction        | 0.253       |
|    clip_range           | 0.2         |
|    entropy_loss         | -5.72       |
|    explained_variance   | 0.134       |
|    learning_rate        | 0.0003      |
|    loss                 | 0.0783      |
|    n_updates            | 640         |
|    policy_gradient_loss | -0.0366     |
|    value_loss           | 0.195       |
-----------------------------------------
-----------------------------------------
| rollout/                |             |
|    ep_len_mean          | 7.44        |
|    ep_rew_mean          | -4.36       |
| time/                   |             |
|    fps                  | 1           |
|    iterations           | 66          |
|    time_elapsed         | 5620        |
|    total_timesteps      | 8448        |
| train/                  |             |
|    approx_kl            | 0.034239672 |
|    clip_fraction        | 0.247       |
|    clip_range           | 0.2         |
|    entropy_loss         | -5.67       |
|    explained_variance   | 0.0701      |
|    learning_rate        | 0.0003      |
|    loss                 | 0.00697     |
|    n_updates            | 650         |
|    policy_gradient_loss | -0.0344     |
|    value_loss           | 0.514       |
-----------------------------------------
-----------------------------------------
| rollout/                |             |
|    ep_len_mean          | 7.34        |
|    ep_rew_mean          | -4.16       |
| time/                   |             |
|    fps                  | 1           |
|    iterations           | 67          |
|    time_elapsed         | 5699        |
|    total_timesteps      | 8576        |
| train/                  |             |
|    approx_kl            | 0.021670658 |
|    clip_fraction        | 0.137       |
|    clip_range           | 0.2         |
|    entropy_loss         | -5.75       |
|    explained_variance   | -0.0201     |
|    learning_rate        | 0.0003      |
|    loss                 | 2.56        |
|    n_updates            | 660         |
|    policy_gradient_loss | -0.029      |
|    value_loss           | 6.78        |
-----------------------------------------
----------------------------------------
| rollout/                |            |
|    ep_len_mean          | 7.05       |
|    ep_rew_mean          | -4.13      |
| time/                   |            |
|    fps                  | 1          |
|    iterations           | 68         |
|    time_elapsed         | 5795       |
|    total_timesteps      | 8704       |
| train/                  |            |
|    approx_kl            | 0.06660397 |
|    clip_fraction        | 0.275      |
|    clip_range           | 0.2        |
|    entropy_loss         | -5.72      |
|    explained_variance   | -0.0103    |
|    learning_rate        | 0.0003     |
|    loss                 | 4.36       |
|    n_updates            | 670        |
|    policy_gradient_loss | -0.0402    |
|    value_loss           | 8.48       |
----------------------------------------
-----------------------------------------
| rollout/                |             |
|    ep_len_mean          | 7.28        |
|    ep_rew_mean          | -4.04       |
| time/                   |             |
|    fps                  | 1           |
|    iterations           | 69          |
|    time_elapsed         | 5874        |
|    total_timesteps      | 8832        |
| train/                  |             |
|    approx_kl            | 0.013419757 |
|    clip_fraction        | 0.141       |
|    clip_range           | 0.2         |
|    entropy_loss         | -5.77       |
|    explained_variance   | 0.042       |
|    learning_rate        | 0.0003      |
|    loss                 | 2           |
|    n_updates            | 680         |
|    policy_gradient_loss | -0.013      |
|    value_loss           | 2.52        |
-----------------------------------------
-----------------------------------------
| rollout/                |             |
|    ep_len_mean          | 7.07        |
|    ep_rew_mean          | -3.72       |
| time/                   |             |
|    fps                  | 1           |
|    iterations           | 70          |
|    time_elapsed         | 5962        |
|    total_timesteps      | 8960        |
| train/                  |             |
|    approx_kl            | 0.011996683 |
|    clip_fraction        | 0.0938      |
|    clip_range           | 0.2         |
|    entropy_loss         | -5.72       |
|    explained_variance   | 0.01        |
|    learning_rate        | 0.0003      |
|    loss                 | 1.66        |
|    n_updates            | 690         |
|    policy_gradient_loss | -0.0218     |
|    value_loss           | 4.83        |
-----------------------------------------
-----------------------------------------
| rollout/                |             |
|    ep_len_mean          | 7.33        |
|    ep_rew_mean          | -3.68       |
| time/                   |             |
|    fps                  | 1           |
|    iterations           | 71          |
|    time_elapsed         | 6044        |
|    total_timesteps      | 9088        |
| train/                  |             |
|    approx_kl            | 0.022890855 |
|    clip_fraction        | 0.153       |
|    clip_range           | 0.2         |
|    entropy_loss         | -5.69       |
|    explained_variance   | 0.015       |
|    learning_rate        | 0.0003      |
|    loss                 | 4.58        |
|    n_updates            | 700         |
|    policy_gradient_loss | -0.036      |
|    value_loss           | 10.5        |
-----------------------------------------
----------------------------------------
| rollout/                |            |
|    ep_len_mean          | 7.17       |
|    ep_rew_mean          | -4.13      |
| time/                   |            |
|    fps                  | 1          |
|    iterations           | 72         |
|    time_elapsed         | 6145       |
|    total_timesteps      | 9216       |
| train/                  |            |
|    approx_kl            | 0.02472393 |
|    clip_fraction        | 0.138      |
|    clip_range           | 0.2        |
|    entropy_loss         | -5.7       |
|    explained_variance   | 0.0589     |
|    learning_rate        | 0.0003     |
|    loss                 | 0.294      |
|    n_updates            | 710        |
|    policy_gradient_loss | -0.0272    |
|    value_loss           | 1.71       |
----------------------------------------
-----------------------------------------
| rollout/                |             |
|    ep_len_mean          | 7.16        |
|    ep_rew_mean          | -3.85       |
| time/                   |             |
|    fps                  | 1           |
|    iterations           | 73          |
|    time_elapsed         | 6240        |
|    total_timesteps      | 9344        |
| train/                  |             |
|    approx_kl            | 0.033680137 |
|    clip_fraction        | 0.154       |
|    clip_range           | 0.2         |
|    entropy_loss         | -5.71       |
|    explained_variance   | -0.00512    |
|    learning_rate        | 0.0003      |
|    loss                 | 0.117       |
|    n_updates            | 720         |
|    policy_gradient_loss | -0.0316     |
|    value_loss           | 0.388       |
-----------------------------------------
-----------------------------------------
| rollout/                |             |
|    ep_len_mean          | 7.77        |
|    ep_rew_mean          | -3.81       |
| time/                   |             |
|    fps                  | 1           |
|    iterations           | 74          |
|    time_elapsed         | 6323        |
|    total_timesteps      | 9472        |
| train/                  |             |
|    approx_kl            | 0.017202377 |
|    clip_fraction        | 0.141       |
|    clip_range           | 0.2         |
|    entropy_loss         | -5.64       |
|    explained_variance   | 0.0305      |
|    learning_rate        | 0.0003      |
|    loss                 | 5.4         |
|    n_updates            | 730         |
|    policy_gradient_loss | -0.0214     |
|    value_loss           | 9.68        |
-----------------------------------------
-----------------------------------------
| rollout/                |             |
|    ep_len_mean          | 8.27        |
|    ep_rew_mean          | -3.78       |
| time/                   |             |
|    fps                  | 1           |
|    iterations           | 75          |
|    time_elapsed         | 6403        |
|    total_timesteps      | 9600        |
| train/                  |             |
|    approx_kl            | 0.024831384 |
|    clip_fraction        | 0.187       |
|    clip_range           | 0.2         |
|    entropy_loss         | -5.7        |
|    explained_variance   | 0.0219      |
|    learning_rate        | 0.0003      |
|    loss                 | 1.91        |
|    n_updates            | 740         |
|    policy_gradient_loss | -0.0177     |
|    value_loss           | 4.95        |
-----------------------------------------
-----------------------------------------
| rollout/                |             |
|    ep_len_mean          | 8.67        |
|    ep_rew_mean          | -3.78       |
| time/                   |             |
|    fps                  | 1           |
|    iterations           | 76          |
|    time_elapsed         | 6481        |
|    total_timesteps      | 9728        |
| train/                  |             |
|    approx_kl            | 0.016596701 |
|    clip_fraction        | 0.181       |
|    clip_range           | 0.2         |
|    entropy_loss         | -5.67       |
|    explained_variance   | 0.0253      |
|    learning_rate        | 0.0003      |
|    loss                 | 0.245       |
|    n_updates            | 750         |
|    policy_gradient_loss | -0.0276     |
|    value_loss           | 0.563       |
-----------------------------------------
-----------------------------------------
| rollout/                |             |
|    ep_len_mean          | 8.61        |
|    ep_rew_mean          | -3.99       |
| time/                   |             |
|    fps                  | 1           |
|    iterations           | 77          |
|    time_elapsed         | 6563        |
|    total_timesteps      | 9856        |
| train/                  |             |
|    approx_kl            | 0.031510197 |
|    clip_fraction        | 0.202       |
|    clip_range           | 0.2         |
|    entropy_loss         | -5.68       |
|    explained_variance   | 0.015       |
|    learning_rate        | 0.0003      |
|    loss                 | 3.84        |
|    n_updates            | 760         |
|    policy_gradient_loss | -0.0286     |
|    value_loss           | 8.93        |
-----------------------------------------
-----------------------------------------
| rollout/                |             |
|    ep_len_mean          | 8.51        |
|    ep_rew_mean          | -3.81       |
| time/                   |             |
|    fps                  | 1           |
|    iterations           | 78          |
|    time_elapsed         | 6648        |
|    total_timesteps      | 9984        |
| train/                  |             |
|    approx_kl            | 0.019993275 |
|    clip_fraction        | 0.141       |
|    clip_range           | 0.2         |
|    entropy_loss         | -5.6        |
|    explained_variance   | -0.147      |
|    learning_rate        | 0.0003      |
|    loss                 | 0.657       |
|    n_updates            | 770         |
|    policy_gradient_loss | -0.0193     |
|    value_loss           | 1.83        |
-----------------------------------------
[eval @ 10000] mean_return=-4.69 cleared=0/4  L5:0/2 L6:0/2
-----------------------------------------
| eval/                   |             |
|    cleared_rate         | 0           |
|    level_5/clear_rate   | 0           |
|    level_5/mean_return  | -4.98       |
|    level_6/clear_rate   | 0           |
|    level_6/mean_return  | -4.41       |
|    mean_return          | -4.69       |
| rollout/                |             |
|    ep_len_mean          | 8.61        |
|    ep_rew_mean          | -3.91       |
| time/                   |             |
|    fps                  | 1           |
|    iterations           | 79          |
|    time_elapsed         | 6752        |
|    total_timesteps      | 10112       |
| train/                  |             |
|    approx_kl            | 0.039406057 |
|    clip_fraction        | 0.334       |
|    clip_range           | 0.2         |
|    entropy_loss         | -5.58       |
|    explained_variance   | 0.0439      |
|    learning_rate        | 0.0003      |
|    loss                 | 1.69        |
|    n_updates            | 780         |
|    policy_gradient_loss | -0.0356     |
|    value_loss           | 4.21        |
-----------------------------------------
-----------------------------------------
| rollout/                |             |
|    ep_len_mean          | 8.89        |
|    ep_rew_mean          | -4.23       |
| time/                   |             |
|    fps                  | 1           |
|    iterations           | 80          |
|    time_elapsed         | 6820        |
|    total_timesteps      | 10240       |
| train/                  |             |
|    approx_kl            | 0.020784572 |
|    clip_fraction        | 0.178       |
|    clip_range           | 0.2         |
|    entropy_loss         | -5.54       |
|    explained_variance   | -0.184      |
|    learning_rate        | 0.0003      |
|    loss                 | 0.0269      |
|    n_updates            | 790         |
|    policy_gradient_loss | -0.0456     |
|    value_loss           | 0.319       |
-----------------------------------------
-----------------------------------------
| rollout/                |             |
|    ep_len_mean          | 8.36        |
|    ep_rew_mean          | -4.29       |
| time/                   |             |
|    fps                  | 1           |
|    iterations           | 81          |
|    time_elapsed         | 6920        |
|    total_timesteps      | 10368       |
| train/                  |             |
|    approx_kl            | 0.028820504 |
|    clip_fraction        | 0.2         |
|    clip_range           | 0.2         |
|    entropy_loss         | -5.61       |
|    explained_variance   | -0.877      |
|    learning_rate        | 0.0003      |
|    loss                 | 0.0522      |
|    n_updates            | 800         |
|    policy_gradient_loss | -0.0411     |
|    value_loss           | 0.191       |
-----------------------------------------
-----------------------------------------
| rollout/                |             |
|    ep_len_mean          | 7.38        |
|    ep_rew_mean          | -4.23       |
| time/                   |             |
|    fps                  | 1           |
|    iterations           | 82          |
|    time_elapsed         | 7003        |
|    total_timesteps      | 10496       |
| train/                  |             |
|    approx_kl            | 0.019052291 |
|    clip_fraction        | 0.153       |
|    clip_range           | 0.2         |
|    entropy_loss         | -5.6        |
|    explained_variance   | 0.00342     |
|    learning_rate        | 0.0003      |
|    loss                 | -0.00763    |
|    n_updates            | 810         |
|    policy_gradient_loss | -0.023      |
|    value_loss           | 0.545       |
-----------------------------------------
----------------------------------------
| rollout/                |            |
|    ep_len_mean          | 7.64       |
|    ep_rew_mean          | -4.14      |
| time/                   |            |
|    fps                  | 1          |
|    iterations           | 83         |
|    time_elapsed         | 7091       |
|    total_timesteps      | 10624      |
| train/                  |            |
|    approx_kl            | 0.07510218 |
|    clip_fraction        | 0.323      |
|    clip_range           | 0.2        |
|    entropy_loss         | -5.57      |
|    explained_variance   | 0.00019    |
|    learning_rate        | 0.0003     |
|    loss                 | 1.41       |
|    n_updates            | 820        |
|    policy_gradient_loss | -0.0324    |
|    value_loss           | 2.65       |
----------------------------------------
-----------------------------------------
| rollout/                |             |
|    ep_len_mean          | 7.5         |
|    ep_rew_mean          | -4.23       |
| time/                   |             |
|    fps                  | 1           |
|    iterations           | 84          |
|    time_elapsed         | 7176        |
|    total_timesteps      | 10752       |
| train/                  |             |
|    approx_kl            | 0.011967653 |
|    clip_fraction        | 0.17        |
|    clip_range           | 0.2         |
|    entropy_loss         | -5.56       |
|    explained_variance   | 0.000393    |
|    learning_rate        | 0.0003      |
|    loss                 | 2.48        |
|    n_updates            | 830         |
|    policy_gradient_loss | -0.013      |
|    value_loss           | 6.16        |
-----------------------------------------
----------------------------------------
| rollout/                |            |
|    ep_len_mean          | 7.19       |
|    ep_rew_mean          | -4.11      |
| time/                   |            |
|    fps                  | 1          |
|    iterations           | 85         |
|    time_elapsed         | 7266       |
|    total_timesteps      | 10880      |
| train/                  |            |
|    approx_kl            | 0.01418459 |
|    clip_fraction        | 0.156      |
|    clip_range           | 0.2        |
|    entropy_loss         | -5.55      |
|    explained_variance   | -0.0335    |
|    learning_rate        | 0.0003     |
|    loss                 | 0.522      |
|    n_updates            | 840        |
|    policy_gradient_loss | -0.017     |
|    value_loss           | 1.02       |
----------------------------------------
-----------------------------------------
| rollout/                |             |
|    ep_len_mean          | 7.26        |
|    ep_rew_mean          | -3.98       |
| time/                   |             |
|    fps                  | 1           |
|    iterations           | 86          |
|    time_elapsed         | 7343        |
|    total_timesteps      | 11008       |
| train/                  |             |
|    approx_kl            | 0.022629669 |
|    clip_fraction        | 0.148       |
|    clip_range           | 0.2         |
|    entropy_loss         | -5.54       |
|    explained_variance   | 0.00167     |
|    learning_rate        | 0.0003      |
|    loss                 | 0.796       |
|    n_updates            | 850         |
|    policy_gradient_loss | -0.0245     |
|    value_loss           | 2.54        |
-----------------------------------------
-----------------------------------------
| rollout/                |             |
|    ep_len_mean          | 7.67        |
|    ep_rew_mean          | -3.93       |
| time/                   |             |
|    fps                  | 1           |
|    iterations           | 87          |
|    time_elapsed         | 7421        |
|    total_timesteps      | 11136       |
| train/                  |             |
|    approx_kl            | 0.031619865 |
|    clip_fraction        | 0.236       |
|    clip_range           | 0.2         |
|    entropy_loss         | -5.51       |
|    explained_variance   | 0.00273     |
|    learning_rate        | 0.0003      |
|    loss                 | 0.565       |
|    n_updates            | 860         |
|    policy_gradient_loss | -0.0295     |
|    value_loss           | 0.888       |
-----------------------------------------
-----------------------------------------
| rollout/                |             |
|    ep_len_mean          | 7.67        |
|    ep_rew_mean          | -4          |
| time/                   |             |
|    fps                  | 1           |
|    iterations           | 88          |
|    time_elapsed         | 7500        |
|    total_timesteps      | 11264       |
| train/                  |             |
|    approx_kl            | 0.028908407 |
|    clip_fraction        | 0.245       |
|    clip_range           | 0.2         |
|    entropy_loss         | -5.48       |
|    explained_variance   | -0.00132    |
|    learning_rate        | 0.0003      |
|    loss                 | 2.28        |
|    n_updates            | 870         |
|    policy_gradient_loss | -0.0236     |
|    value_loss           | 3.98        |
-----------------------------------------
-----------------------------------------
| rollout/                |             |
|    ep_len_mean          | 7.32        |
|    ep_rew_mean          | -3.87       |
| time/                   |             |
|    fps                  | 1           |
|    iterations           | 89          |
|    time_elapsed         | 7580        |
|    total_timesteps      | 11392       |
| train/                  |             |
|    approx_kl            | 0.018738726 |
|    clip_fraction        | 0.224       |
|    clip_range           | 0.2         |
|    entropy_loss         | -5.41       |
|    explained_variance   | 0.00416     |
|    learning_rate        | 0.0003      |
|    loss                 | 3.06        |
|    n_updates            | 880         |
|    policy_gradient_loss | -0.0256     |
|    value_loss           | 5.54        |
-----------------------------------------
-----------------------------------------
| rollout/                |             |
|    ep_len_mean          | 7.81        |
|    ep_rew_mean          | -3.85       |
| time/                   |             |
|    fps                  | 1           |
|    iterations           | 90          |
|    time_elapsed         | 7667        |
|    total_timesteps      | 11520       |
| train/                  |             |
|    approx_kl            | 0.021499448 |
|    clip_fraction        | 0.171       |
|    clip_range           | 0.2         |
|    entropy_loss         | -5.44       |
|    explained_variance   | 0.0231      |
|    learning_rate        | 0.0003      |
|    loss                 | 4.73        |
|    n_updates            | 890         |
|    policy_gradient_loss | -0.0173     |
|    value_loss           | 7.11        |
-----------------------------------------
----------------------------------------
| rollout/                |            |
|    ep_len_mean          | 8.25       |
|    ep_rew_mean          | -3.93      |
| time/                   |            |
|    fps                  | 1          |
|    iterations           | 91         |
|    time_elapsed         | 7742       |
|    total_timesteps      | 11648      |
| train/                  |            |
|    approx_kl            | 0.01844294 |
|    clip_fraction        | 0.093      |
|    clip_range           | 0.2        |
|    entropy_loss         | -5.37      |
|    explained_variance   | -0.113     |
|    learning_rate        | 0.0003     |
|    loss                 | 0.452      |
|    n_updates            | 900        |
|    policy_gradient_loss | -0.0189    |
|    value_loss           | 1.27       |
----------------------------------------
----------------------------------------
| rollout/                |            |
|    ep_len_mean          | 7.81       |
|    ep_rew_mean          | -3.75      |
| time/                   |            |
|    fps                  | 1          |
|    iterations           | 92         |
|    time_elapsed         | 7816       |
|    total_timesteps      | 11776      |
| train/                  |            |
|    approx_kl            | 0.03661403 |
|    clip_fraction        | 0.235      |
|    clip_range           | 0.2        |
|    entropy_loss         | -5.27      |
|    explained_variance   | -0.0301    |
|    learning_rate        | 0.0003     |
|    loss                 | 0.098      |
|    n_updates            | 910        |
|    policy_gradient_loss | -0.0299    |
|    value_loss           | 0.402      |
----------------------------------------
-----------------------------------------
| rollout/                |             |
|    ep_len_mean          | 7.99        |
|    ep_rew_mean          | -3.85       |
| time/                   |             |
|    fps                  | 1           |
|    iterations           | 93          |
|    time_elapsed         | 7894        |
|    total_timesteps      | 11904       |
| train/                  |             |
|    approx_kl            | 0.022170296 |
|    clip_fraction        | 0.161       |
|    clip_range           | 0.2         |
|    entropy_loss         | -5.25       |
|    explained_variance   | 0.0501      |
|    learning_rate        | 0.0003      |
|    loss                 | 4.62        |
|    n_updates            | 920         |
|    policy_gradient_loss | -0.0126     |
|    value_loss           | 10          |
-----------------------------------------
[eval @ 12000] mean_return=-4.96 cleared=0/4  L5:0/2 L6:0/2
-----------------------------------------
| eval/                   |             |
|    cleared_rate         | 0           |
|    level_5/clear_rate   | 0           |
|    level_5/mean_return  | -4.96       |
|    level_6/clear_rate   | 0           |
|    level_6/mean_return  | -4.95       |
|    mean_return          | -4.96       |
| rollout/                |             |
|    ep_len_mean          | 7.92        |
|    ep_rew_mean          | -4.09       |
| time/                   |             |
|    fps                  | 1           |
|    iterations           | 94          |
|    time_elapsed         | 7989        |
|    total_timesteps      | 12032       |
| train/                  |             |
|    approx_kl            | 0.025587477 |
|    clip_fraction        | 0.146       |
|    clip_range           | 0.2         |
|    entropy_loss         | -5.27       |
|    explained_variance   | -0.0408     |
|    learning_rate        | 0.0003      |
|    loss                 | 0.146       |
|    n_updates            | 930         |
|    policy_gradient_loss | -0.019      |
|    value_loss           | 0.788       |
-----------------------------------------
-----------------------------------------
| rollout/                |             |
|    ep_len_mean          | 8.02        |
|    ep_rew_mean          | -4.09       |
| time/                   |             |
|    fps                  | 1           |
|    iterations           | 95          |
|    time_elapsed         | 8066        |
|    total_timesteps      | 12160       |
| train/                  |             |
|    approx_kl            | 0.018382631 |
|    clip_fraction        | 0.104       |
|    clip_range           | 0.2         |
|    entropy_loss         | -5.23       |
|    explained_variance   | -0.00847    |
|    learning_rate        | 0.0003      |
|    loss                 | 0.078       |
|    n_updates            | 940         |
|    policy_gradient_loss | -0.0226     |
|    value_loss           | 0.246       |
-----------------------------------------
-----------------------------------------
| rollout/                |             |
|    ep_len_mean          | 8.03        |
|    ep_rew_mean          | -4.12       |
| time/                   |             |
|    fps                  | 1           |
|    iterations           | 96          |
|    time_elapsed         | 8144        |
|    total_timesteps      | 12288       |
| train/                  |             |
|    approx_kl            | 0.027668968 |
|    clip_fraction        | 0.166       |
|    clip_range           | 0.2         |
|    entropy_loss         | -5.25       |
|    explained_variance   | 0.00736     |
|    learning_rate        | 0.0003      |
|    loss                 | 2.94        |
|    n_updates            | 950         |
|    policy_gradient_loss | -0.0259     |
|    value_loss           | 6.23        |
-----------------------------------------
----------------------------------------
| rollout/                |            |
|    ep_len_mean          | 8.23       |
|    ep_rew_mean          | -4.14      |
| time/                   |            |
|    fps                  | 1          |
|    iterations           | 97         |
|    time_elapsed         | 8230       |
|    total_timesteps      | 12416      |
| train/                  |            |
|    approx_kl            | 0.03693265 |
|    clip_fraction        | 0.211      |
|    clip_range           | 0.2        |
|    entropy_loss         | -4.99      |
|    explained_variance   | -0.00157   |
|    learning_rate        | 0.0003     |
|    loss                 | 0.512      |
|    n_updates            | 960        |
|    policy_gradient_loss | -0.0281    |
|    value_loss           | 1.18       |
----------------------------------------
-----------------------------------------
| rollout/                |             |
|    ep_len_mean          | 8.39        |
|    ep_rew_mean          | -4.11       |
| time/                   |             |
|    fps                  | 1           |
|    iterations           | 98          |
|    time_elapsed         | 8298        |
|    total_timesteps      | 12544       |
| train/                  |             |
|    approx_kl            | 0.025763921 |
|    clip_fraction        | 0.242       |
|    clip_range           | 0.2         |
|    entropy_loss         | -4.99       |
|    explained_variance   | -0.00852    |
|    learning_rate        | 0.0003      |
|    loss                 | 0.0827      |
|    n_updates            | 970         |
|    policy_gradient_loss | -0.0371     |
|    value_loss           | 0.318       |
-----------------------------------------
-----------------------------------------
| rollout/                |             |
|    ep_len_mean          | 8.51        |
|    ep_rew_mean          | -4.21       |
| time/                   |             |
|    fps                  | 1           |
|    iterations           | 99          |
|    time_elapsed         | 8404        |
|    total_timesteps      | 12672       |
| train/                  |             |
|    approx_kl            | 0.015374408 |
|    clip_fraction        | 0.075       |
|    clip_range           | 0.2         |
|    entropy_loss         | -4.85       |
|    explained_variance   | -0.000394   |
|    learning_rate        | 0.0003      |
|    loss                 | 2.19        |
|    n_updates            | 980         |
|    policy_gradient_loss | -0.0109     |
|    value_loss           | 8.35        |
-----------------------------------------
-----------------------------------------
| rollout/                |             |
|    ep_len_mean          | 8.5         |
|    ep_rew_mean          | -4.04       |
| time/                   |             |
|    fps                  | 1           |
|    iterations           | 100         |
|    time_elapsed         | 8488        |
|    total_timesteps      | 12800       |
| train/                  |             |
|    approx_kl            | 0.009235791 |
|    clip_fraction        | 0.0719      |
|    clip_range           | 0.2         |
|    entropy_loss         | -4.79       |
|    explained_variance   | -0.00678    |
|    learning_rate        | 0.0003      |
|    loss                 | 0.277       |
|    n_updates            | 990         |
|    policy_gradient_loss | -0.0148     |
|    value_loss           | 0.801       |
-----------------------------------------
-----------------------------------------
| rollout/                |             |
|    ep_len_mean          | 8.69        |
|    ep_rew_mean          | -3.85       |
| time/                   |             |
|    fps                  | 1           |
|    iterations           | 101         |
|    time_elapsed         | 8583        |
|    total_timesteps      | 12928       |
| train/                  |             |
|    approx_kl            | 0.032254193 |
|    clip_fraction        | 0.138       |
|    clip_range           | 0.2         |
|    entropy_loss         | -4.75       |
|    explained_variance   | 0.00251     |
|    learning_rate        | 0.0003      |
|    loss                 | 2.28        |
|    n_updates            | 1000        |
|    policy_gradient_loss | -0.0198     |
|    value_loss           | 4.78        |
-----------------------------------------
-----------------------------------------
| rollout/                |             |
|    ep_len_mean          | 8.84        |
|    ep_rew_mean          | -3.83       |
| time/                   |             |
|    fps                  | 1           |
|    iterations           | 102         |
|    time_elapsed         | 8658        |
|    total_timesteps      | 13056       |
| train/                  |             |
|    approx_kl            | 0.016048858 |
|    clip_fraction        | 0.138       |
|    clip_range           | 0.2         |
|    entropy_loss         | -4.86       |
|    explained_variance   | 0.0113      |
|    learning_rate        | 0.0003      |
|    loss                 | 0.546       |
|    n_updates            | 1010        |
|    policy_gradient_loss | -0.0225     |
|    value_loss           | 2.06        |
-----------------------------------------
-----------------------------------------
| rollout/                |             |
|    ep_len_mean          | 8.75        |
|    ep_rew_mean          | -3.62       |
| time/                   |             |
|    fps                  | 1           |
|    iterations           | 103         |
|    time_elapsed         | 8742        |
|    total_timesteps      | 13184       |
| train/                  |             |
|    approx_kl            | 0.011831911 |
|    clip_fraction        | 0.0703      |
|    clip_range           | 0.2         |
|    entropy_loss         | -4.82       |
|    explained_variance   | -0.00234    |
|    learning_rate        | 0.0003      |
|    loss                 | 2.97        |
|    n_updates            | 1020        |
|    policy_gradient_loss | -0.0204     |
|    value_loss           | 8.71        |
-----------------------------------------
------------------------------------------
| rollout/                |              |
|    ep_len_mean          | 7.87         |
|    ep_rew_mean          | -3.76        |
| time/                   |              |
|    fps                  | 1            |
|    iterations           | 104          |
|    time_elapsed         | 8841         |
|    total_timesteps      | 13312        |
| train/                  |              |
|    approx_kl            | 0.0077872444 |
|    clip_fraction        | 0.0187       |
|    clip_range           | 0.2          |
|    entropy_loss         | -4.74        |
|    explained_variance   | 0.00945      |
|    learning_rate        | 0.0003       |
|    loss                 | 5.05         |
|    n_updates            | 1030         |
|    policy_gradient_loss | -0.0115      |
|    value_loss           | 10.5         |
------------------------------------------
-----------------------------------------
| rollout/                |             |
|    ep_len_mean          | 6.97        |
|    ep_rew_mean          | -3.82       |
| time/                   |             |
|    fps                  | 1           |
|    iterations           | 105         |
|    time_elapsed         | 8929        |
|    total_timesteps      | 13440       |
| train/                  |             |
|    approx_kl            | 0.005167184 |
|    clip_fraction        | 0.0172      |
|    clip_range           | 0.2         |
|    entropy_loss         | -4.7        |
|    explained_variance   | 0.0223      |
|    learning_rate        | 0.0003      |
|    loss                 | 2.31        |
|    n_updates            | 1040        |
|    policy_gradient_loss | -0.0154     |
|    value_loss           | 4.39        |
-----------------------------------------
-----------------------------------------
| rollout/                |             |
|    ep_len_mean          | 7.35        |
|    ep_rew_mean          | -4.09       |
| time/                   |             |
|    fps                  | 1           |
|    iterations           | 106         |
|    time_elapsed         | 9016        |
|    total_timesteps      | 13568       |
| train/                  |             |
|    approx_kl            | 0.009221636 |
|    clip_fraction        | 0.0281      |
|    clip_range           | 0.2         |
|    entropy_loss         | -4.71       |
|    explained_variance   | 0.0916      |
|    learning_rate        | 0.0003      |
|    loss                 | 0.163       |
|    n_updates            | 1050        |
|    policy_gradient_loss | -0.0143     |
|    value_loss           | 0.891       |
-----------------------------------------
-----------------------------------------
| rollout/                |             |
|    ep_len_mean          | 7.7         |
|    ep_rew_mean          | -4.08       |
| time/                   |             |
|    fps                  | 1           |
|    iterations           | 107         |
|    time_elapsed         | 9097        |
|    total_timesteps      | 13696       |
| train/                  |             |
|    approx_kl            | 0.018328838 |
|    clip_fraction        | 0.125       |
|    clip_range           | 0.2         |
|    entropy_loss         | -4.61       |
|    explained_variance   | -0.00128    |
|    learning_rate        | 0.0003      |
|    loss                 | 0.11        |
|    n_updates            | 1060        |
|    policy_gradient_loss | -0.024      |
|    value_loss           | 0.426       |
-----------------------------------------
-----------------------------------------
| rollout/                |             |
|    ep_len_mean          | 8.02        |
|    ep_rew_mean          | -4.09       |
| time/                   |             |
|    fps                  | 1           |
|    iterations           | 108         |
|    time_elapsed         | 9171        |
|    total_timesteps      | 13824       |
| train/                  |             |
|    approx_kl            | 0.029325655 |
|    clip_fraction        | 0.228       |
|    clip_range           | 0.2         |
|    entropy_loss         | -4.56       |
|    explained_variance   | -0.000657   |
|    learning_rate        | 0.0003      |
|    loss                 | 0.474       |
|    n_updates            | 1070        |
|    policy_gradient_loss | -0.0298     |
|    value_loss           | 0.604       |
-----------------------------------------
-----------------------------------------
| rollout/                |             |
|    ep_len_mean          | 8.11        |
|    ep_rew_mean          | -4.44       |
| time/                   |             |
|    fps                  | 1           |
|    iterations           | 109         |
|    time_elapsed         | 9249        |
|    total_timesteps      | 13952       |
| train/                  |             |
|    approx_kl            | 0.016507521 |
|    clip_fraction        | 0.0859      |
|    clip_range           | 0.2         |
|    entropy_loss         | -4.5        |
|    explained_variance   | -0.00444    |
|    learning_rate        | 0.0003      |
|    loss                 | 0.522       |
|    n_updates            | 1080        |
|    policy_gradient_loss | -0.0222     |
|    value_loss           | 0.713       |
-----------------------------------------
[eval @ 14000] mean_return=-4.98 cleared=0/4  L5:0/2 L6:0/2
-----------------------------------------
| eval/                   |             |
|    cleared_rate         | 0           |
|    level_5/clear_rate   | 0           |
|    level_5/mean_return  | -5          |
|    level_6/clear_rate   | 0           |
|    level_6/mean_return  | -4.97       |
|    mean_return          | -4.98       |
| rollout/                |             |
|    ep_len_mean          | 8.18        |
|    ep_rew_mean          | -4.49       |
| time/                   |             |
|    fps                  | 1           |
|    iterations           | 110         |
|    time_elapsed         | 9332        |
|    total_timesteps      | 14080       |
| train/                  |             |
|    approx_kl            | 0.028322717 |
|    clip_fraction        | 0.205       |
|    clip_range           | 0.2         |
|    entropy_loss         | -4.48       |
|    explained_variance   | 0.0161      |
|    learning_rate        | 0.0003      |
|    loss                 | 2.68        |
|    n_updates            | 1090        |
|    policy_gradient_loss | -0.0294     |
|    value_loss           | 3.5         |
-----------------------------------------
-----------------------------------------
| rollout/                |             |
|    ep_len_mean          | 8.5         |
|    ep_rew_mean          | -4.23       |
| time/                   |             |
|    fps                  | 1           |
|    iterations           | 111         |
|    time_elapsed         | 9403        |
|    total_timesteps      | 14208       |
| train/                  |             |
|    approx_kl            | 0.039546434 |
|    clip_fraction        | 0.182       |
|    clip_range           | 0.2         |
|    entropy_loss         | -4.53       |
|    explained_variance   | 0.000103    |
|    learning_rate        | 0.0003      |
|    loss                 | 0.021       |
|    n_updates            | 1100        |
|    policy_gradient_loss | -0.0226     |
|    value_loss           | 0.667       |
-----------------------------------------
-----------------------------------------
| rollout/                |             |
|    ep_len_mean          | 8.47        |
|    ep_rew_mean          | -4.16       |
| time/                   |             |
|    fps                  | 1           |
|    iterations           | 112         |
|    time_elapsed         | 9479        |
|    total_timesteps      | 14336       |
| train/                  |             |
|    approx_kl            | 0.017630065 |
|    clip_fraction        | 0.12        |
|    clip_range           | 0.2         |
|    entropy_loss         | -4.45       |
|    explained_variance   | 2.38e-07    |
|    learning_rate        | 0.0003      |
|    loss                 | 4.2         |
|    n_updates            | 1110        |
|    policy_gradient_loss | -0.0291     |
|    value_loss           | 7.34        |
-----------------------------------------
-----------------------------------------
| rollout/                |             |
|    ep_len_mean          | 8.84        |
|    ep_rew_mean          | -4.04       |
| time/                   |             |
|    fps                  | 1           |
|    iterations           | 113         |
|    time_elapsed         | 9551        |
|    total_timesteps      | 14464       |
| train/                  |             |
|    approx_kl            | 0.015958263 |
|    clip_fraction        | 0.136       |
|    clip_range           | 0.2         |
|    entropy_loss         | -4.39       |
|    explained_variance   | 1.79e-07    |
|    learning_rate        | 0.0003      |
|    loss                 | 0.476       |
|    n_updates            | 1120        |
|    policy_gradient_loss | -0.0208     |
|    value_loss           | 0.729       |
-----------------------------------------
----------------------------------------
| rollout/                |            |
|    ep_len_mean          | 8.3        |
|    ep_rew_mean          | -3.95      |
| time/                   |            |
|    fps                  | 1          |
|    iterations           | 114        |
|    time_elapsed         | 9634       |
|    total_timesteps      | 14592      |
| train/                  |            |
|    approx_kl            | 0.04983268 |
|    clip_fraction        | 0.243      |
|    clip_range           | 0.2        |
|    entropy_loss         | -4.52      |
|    explained_variance   | 4.17e-07   |
|    learning_rate        | 0.0003     |
|    loss                 | 1.21       |
|    n_updates            | 1130       |
|    policy_gradient_loss | -0.0255    |
|    value_loss           | 4.67       |
----------------------------------------
-----------------------------------------
| rollout/                |             |
|    ep_len_mean          | 8.23        |
|    ep_rew_mean          | -4.09       |
| time/                   |             |
|    fps                  | 1           |
|    iterations           | 115         |
|    time_elapsed         | 9710        |
|    total_timesteps      | 14720       |
| train/                  |             |
|    approx_kl            | 0.031861734 |
|    clip_fraction        | 0.256       |
|    clip_range           | 0.2         |
|    entropy_loss         | -4.55       |
|    explained_variance   | -2.38e-07   |
|    learning_rate        | 0.0003      |
|    loss                 | 2.01        |
|    n_updates            | 1140        |
|    policy_gradient_loss | -0.028      |
|    value_loss           | 3.28        |
-----------------------------------------
-----------------------------------------
| rollout/                |             |
|    ep_len_mean          | 8.53        |
|    ep_rew_mean          | -4.07       |
| time/                   |             |
|    fps                  | 1           |
|    iterations           | 116         |
|    time_elapsed         | 9794        |
|    total_timesteps      | 14848       |
| train/                  |             |
|    approx_kl            | 0.023517866 |
|    clip_fraction        | 0.184       |
|    clip_range           | 0.2         |
|    entropy_loss         | -4.55       |
|    explained_variance   | -2.38e-07   |
|    learning_rate        | 0.0003      |
|    loss                 | 0.0915      |
|    n_updates            | 1150        |
|    policy_gradient_loss | -0.0312     |
|    value_loss           | 0.24        |
-----------------------------------------
-----------------------------------------
| rollout/                |             |
|    ep_len_mean          | 7.87        |
|    ep_rew_mean          | -4.12       |
| time/                   |             |
|    fps                  | 1           |
|    iterations           | 117         |
|    time_elapsed         | 9880        |
|    total_timesteps      | 14976       |
| train/                  |             |
|    approx_kl            | 0.030832466 |
|    clip_fraction        | 0.203       |
|    clip_range           | 0.2         |
|    entropy_loss         | -4.56       |
|    explained_variance   | -1.55e-06   |
|    learning_rate        | 0.0003      |
|    loss                 | 0.0574      |
|    n_updates            | 1160        |
|    policy_gradient_loss | -0.0262     |
|    value_loss           | 0.596       |
-----------------------------------------
-----------------------------------------
| rollout/                |             |
|    ep_len_mean          | 7.79        |
|    ep_rew_mean          | -3.97       |
| time/                   |             |
|    fps                  | 1           |
|    iterations           | 118         |
|    time_elapsed         | 9963        |
|    total_timesteps      | 15104       |
| train/                  |             |
|    approx_kl            | 0.018642727 |
|    clip_fraction        | 0.116       |
|    clip_range           | 0.2         |
|    entropy_loss         | -4.48       |
|    explained_variance   | 1.79e-07    |
|    learning_rate        | 0.0003      |
|    loss                 | 4.1         |
|    n_updates            | 1170        |
|    policy_gradient_loss | -0.0136     |
|    value_loss           | 5.93        |
-----------------------------------------
-----------------------------------------
| rollout/                |             |
|    ep_len_mean          | 7.64        |
|    ep_rew_mean          | -4.03       |
| time/                   |             |
|    fps                  | 1           |
|    iterations           | 119         |
|    time_elapsed         | 10050       |
|    total_timesteps      | 15232       |
| train/                  |             |
|    approx_kl            | 0.028755736 |
|    clip_fraction        | 0.218       |
|    clip_range           | 0.2         |
|    entropy_loss         | -4.46       |
|    explained_variance   | 1.09e-05    |
|    learning_rate        | 0.0003      |
|    loss                 | 0.131       |
|    n_updates            | 1180        |
|    policy_gradient_loss | -0.0122     |
|    value_loss           | 1.53        |
-----------------------------------------
----------------------------------------
| rollout/                |            |
|    ep_len_mean          | 8.04       |
|    ep_rew_mean          | -4.22      |
| time/                   |            |
|    fps                  | 1          |
|    iterations           | 120        |
|    time_elapsed         | 10132      |
|    total_timesteps      | 15360      |
| train/                  |            |
|    approx_kl            | 0.01678869 |
|    clip_fraction        | 0.137      |
|    clip_range           | 0.2        |
|    entropy_loss         | -4.49      |
|    explained_variance   | 4.17e-07   |
|    learning_rate        | 0.0003     |
|    loss                 | 2.14       |
|    n_updates            | 1190       |
|    policy_gradient_loss | -0.0232    |
|    value_loss           | 4.51       |
----------------------------------------
-----------------------------------------
| rollout/                |             |
|    ep_len_mean          | 8.2         |
|    ep_rew_mean          | -3.91       |
| time/                   |             |
|    fps                  | 1           |
|    iterations           | 121         |
|    time_elapsed         | 10217       |
|    total_timesteps      | 15488       |
| train/                  |             |
|    approx_kl            | 0.011994407 |
|    clip_fraction        | 0.075       |
|    clip_range           | 0.2         |
|    entropy_loss         | -4.56       |
|    explained_variance   | 0.000237    |
|    learning_rate        | 0.0003      |
|    loss                 | 0.16        |
|    n_updates            | 1200        |
|    policy_gradient_loss | -0.0169     |
|    value_loss           | 0.8         |
-----------------------------------------
-----------------------------------------
| rollout/                |             |
|    ep_len_mean          | 8.19        |
|    ep_rew_mean          | -3.84       |
| time/                   |             |
|    fps                  | 1           |
|    iterations           | 122         |
|    time_elapsed         | 10311       |
|    total_timesteps      | 15616       |
| train/                  |             |
|    approx_kl            | 0.010847678 |
|    clip_fraction        | 0.0648      |
|    clip_range           | 0.2         |
|    entropy_loss         | -4.32       |
|    explained_variance   | 0.00147     |
|    learning_rate        | 0.0003      |
|    loss                 | 2.24        |
|    n_updates            | 1210        |
|    policy_gradient_loss | -0.0206     |
|    value_loss           | 5.44        |
-----------------------------------------
-----------------------------------------
| rollout/                |             |
|    ep_len_mean          | 8.34        |
|    ep_rew_mean          | -3.74       |
| time/                   |             |
|    fps                  | 1           |
|    iterations           | 123         |
|    time_elapsed         | 10396       |
|    total_timesteps      | 15744       |
| train/                  |             |
|    approx_kl            | 0.020788442 |
|    clip_fraction        | 0.108       |
|    clip_range           | 0.2         |
|    entropy_loss         | -4.51       |
|    explained_variance   | -0.000327   |
|    learning_rate        | 0.0003      |
|    loss                 | 0.0663      |
|    n_updates            | 1220        |
|    policy_gradient_loss | -0.0264     |
|    value_loss           | 0.784       |
-----------------------------------------
----------------------------------------
| rollout/                |            |
|    ep_len_mean          | 8.25       |
|    ep_rew_mean          | -3.51      |
| time/                   |            |
|    fps                  | 1          |
|    iterations           | 124        |
|    time_elapsed         | 10478      |
|    total_timesteps      | 15872      |
| train/                  |            |
|    approx_kl            | 0.02347098 |
|    clip_fraction        | 0.172      |
|    clip_range           | 0.2        |
|    entropy_loss         | -4.54      |
|    explained_variance   | 0.00193    |
|    learning_rate        | 0.0003     |
|    loss                 | 3.06       |
|    n_updates            | 1230       |
|    policy_gradient_loss | -0.0251    |
|    value_loss           | 6.07       |
----------------------------------------
[eval @ 16000] mean_return=-4.97 cleared=0/4  L5:0/2 L6:0/2
-----------------------------------------
| eval/                   |             |
|    cleared_rate         | 0           |
|    level_5/clear_rate   | 0           |
|    level_5/mean_return  | -4.97       |
|    level_6/clear_rate   | 0           |
|    level_6/mean_return  | -4.97       |
|    mean_return          | -4.97       |
| rollout/                |             |
|    ep_len_mean          | 7.75        |
|    ep_rew_mean          | -3.28       |
| time/                   |             |
|    fps                  | 1           |
|    iterations           | 125         |
|    time_elapsed         | 10563       |
|    total_timesteps      | 16000       |
| train/                  |             |
|    approx_kl            | 0.030119538 |
|    clip_fraction        | 0.196       |
|    clip_range           | 0.2         |
|    entropy_loss         | -4.48       |
|    explained_variance   | 0.00722     |
|    learning_rate        | 0.0003      |
|    loss                 | 3.72        |
|    n_updates            | 1240        |
|    policy_gradient_loss | -0.0324     |
|    value_loss           | 4.94        |
-----------------------------------------
-----------------------------------------
| rollout/                |             |
|    ep_len_mean          | 7.55        |
|    ep_rew_mean          | -3.05       |
| time/                   |             |
|    fps                  | 1           |
|    iterations           | 126         |
|    time_elapsed         | 10642       |
|    total_timesteps      | 16128       |
| train/                  |             |
|    approx_kl            | 0.045782037 |
|    clip_fraction        | 0.251       |
|    clip_range           | 0.2         |
|    entropy_loss         | -4.38       |
|    explained_variance   | -0.00362    |
|    learning_rate        | 0.0003      |
|    loss                 | 4.72        |
|    n_updates            | 1250        |
|    policy_gradient_loss | -0.0437     |
|    value_loss           | 9.33        |
-----------------------------------------
-----------------------------------------
| rollout/                |             |
|    ep_len_mean          | 7.01        |
|    ep_rew_mean          | -3.17       |
| time/                   |             |
|    fps                  | 1           |
|    iterations           | 127         |
|    time_elapsed         | 10733       |
|    total_timesteps      | 16256       |
| train/                  |             |
|    approx_kl            | 0.026684735 |
|    clip_fraction        | 0.223       |
|    clip_range           | 0.2         |
|    entropy_loss         | -4.51       |
|    explained_variance   | -0.000272   |
|    learning_rate        | 0.0003      |
|    loss                 | 4.35        |
|    n_updates            | 1260        |
|    policy_gradient_loss | -0.0238     |
|    value_loss           | 9.39        |
-----------------------------------------
-----------------------------------------
| rollout/                |             |
|    ep_len_mean          | 7.05        |
|    ep_rew_mean          | -3.05       |
| time/                   |             |
|    fps                  | 1           |
|    iterations           | 128         |
|    time_elapsed         | 10824       |
|    total_timesteps      | 16384       |
| train/                  |             |
|    approx_kl            | 0.024336684 |
|    clip_fraction        | 0.123       |
|    clip_range           | 0.2         |
|    entropy_loss         | -4.41       |
|    explained_variance   | -1.19e-07   |
|    learning_rate        | 0.0003      |
|    loss                 | 0.582       |
|    n_updates            | 1270        |
|    policy_gradient_loss | -0.0228     |
|    value_loss           | 1.96        |
-----------------------------------------
-----------------------------------------
| rollout/                |             |
|    ep_len_mean          | 7.05        |
|    ep_rew_mean          | -3.23       |
| time/                   |             |
|    fps                  | 1           |
|    iterations           | 129         |
|    time_elapsed         | 10912       |
|    total_timesteps      | 16512       |
| train/                  |             |
|    approx_kl            | 0.029133309 |
|    clip_fraction        | 0.212       |
|    clip_range           | 0.2         |
|    entropy_loss         | -4.12       |
|    explained_variance   | 0.00579     |
|    learning_rate        | 0.0003      |
|    loss                 | 2.16        |
|    n_updates            | 1280        |
|    policy_gradient_loss | -0.0239     |
|    value_loss           | 3.72        |
-----------------------------------------
-----------------------------------------
| rollout/                |             |
|    ep_len_mean          | 7.66        |
|    ep_rew_mean          | -3.27       |
| time/                   |             |
|    fps                  | 1           |
|    iterations           | 130         |
|    time_elapsed         | 10992       |
|    total_timesteps      | 16640       |
| train/                  |             |
|    approx_kl            | 0.021350387 |
|    clip_fraction        | 0.141       |
|    clip_range           | 0.2         |
|    entropy_loss         | -4.4        |
|    explained_variance   | 0.0101      |
|    learning_rate        | 0.0003      |
|    loss                 | 1.76        |
|    n_updates            | 1290        |
|    policy_gradient_loss | -0.0215     |
|    value_loss           | 3.24        |
-----------------------------------------
----------------------------------------
| rollout/                |            |
|    ep_len_mean          | 7.52       |
|    ep_rew_mean          | -3.33      |
| time/                   |            |
|    fps                  | 1          |
|    iterations           | 131        |
|    time_elapsed         | 11077      |
|    total_timesteps      | 16768      |
| train/                  |            |
|    approx_kl            | 0.05471448 |
|    clip_fraction        | 0.273      |
|    clip_range           | 0.2        |
|    entropy_loss         | -4.57      |
|    explained_variance   | 0.00803    |
|    learning_rate        | 0.0003     |
|    loss                 | 2.49       |
|    n_updates            | 1300       |
|    policy_gradient_loss | -0.0305    |
|    value_loss           | 6.69       |
----------------------------------------
-----------------------------------------
| rollout/                |             |
|    ep_len_mean          | 7.42        |
|    ep_rew_mean          | -3.37       |
| time/                   |             |
|    fps                  | 1           |
|    iterations           | 132         |
|    time_elapsed         | 11170       |
|    total_timesteps      | 16896       |
| train/                  |             |
|    approx_kl            | 0.036794506 |
|    clip_fraction        | 0.12        |
|    clip_range           | 0.2         |
|    entropy_loss         | -4.24       |
|    explained_variance   | 0.121       |
|    learning_rate        | 0.0003      |
|    loss                 | 3.37        |
|    n_updates            | 1310        |
|    policy_gradient_loss | -0.0163     |
|    value_loss           | 7.22        |
-----------------------------------------
----------------------------------------
| rollout/                |            |
|    ep_len_mean          | 7.37       |
|    ep_rew_mean          | -3.25      |
| time/                   |            |
|    fps                  | 1          |
|    iterations           | 133        |
|    time_elapsed         | 11248      |
|    total_timesteps      | 17024      |
| train/                  |            |
|    approx_kl            | 0.04790193 |
|    clip_fraction        | 0.129      |
|    clip_range           | 0.2        |
|    entropy_loss         | -3.99      |
|    explained_variance   | 0.0236     |
|    learning_rate        | 0.0003     |
|    loss                 | 0.671      |
|    n_updates            | 1320       |
|    policy_gradient_loss | -0.0131    |
|    value_loss           | 3.09       |
----------------------------------------
----------------------------------------
| rollout/                |            |
|    ep_len_mean          | 7.38       |
|    ep_rew_mean          | -3.07      |
| time/                   |            |
|    fps                  | 1          |
|    iterations           | 134        |
|    time_elapsed         | 11319      |
|    total_timesteps      | 17152      |
| train/                  |            |
|    approx_kl            | 0.04032316 |
|    clip_fraction        | 0.263      |
|    clip_range           | 0.2        |
|    entropy_loss         | -4.09      |
|    explained_variance   | 0.0987     |
|    learning_rate        | 0.0003     |
|    loss                 | 1.97       |
|    n_updates            | 1330       |
|    policy_gradient_loss | -0.0263    |
|    value_loss           | 3.97       |
----------------------------------------
-----------------------------------------
| rollout/                |             |
|    ep_len_mean          | 7.56        |
|    ep_rew_mean          | -3.06       |
| time/                   |             |
|    fps                  | 1           |
|    iterations           | 135         |
|    time_elapsed         | 11402       |
|    total_timesteps      | 17280       |
| train/                  |             |
|    approx_kl            | 0.035577025 |
|    clip_fraction        | 0.267       |
|    clip_range           | 0.2         |
|    entropy_loss         | -4          |
|    explained_variance   | 0.0384      |
|    learning_rate        | 0.0003      |
|    loss                 | 3.01        |
|    n_updates            | 1340        |
|    policy_gradient_loss | -0.0186     |
|    value_loss           | 4.7         |
-----------------------------------------
-----------------------------------------
| rollout/                |             |
|    ep_len_mean          | 6.76        |
|    ep_rew_mean          | -3.01       |
| time/                   |             |
|    fps                  | 1           |
|    iterations           | 136         |
|    time_elapsed         | 11488       |
|    total_timesteps      | 17408       |
| train/                  |             |
|    approx_kl            | 0.021502137 |
|    clip_fraction        | 0.228       |
|    clip_range           | 0.2         |
|    entropy_loss         | -3.81       |
|    explained_variance   | 0.00987     |
|    learning_rate        | 0.0003      |
|    loss                 | 2.23        |
|    n_updates            | 1350        |
|    policy_gradient_loss | -0.0182     |
|    value_loss           | 5.75        |
-----------------------------------------
----------------------------------------
| rollout/                |            |
|    ep_len_mean          | 6.52       |
|    ep_rew_mean          | -3.19      |
| time/                   |            |
|    fps                  | 1          |
|    iterations           | 137        |
|    time_elapsed         | 11585      |
|    total_timesteps      | 17536      |
| train/                  |            |
|    approx_kl            | 0.03163196 |
|    clip_fraction        | 0.179      |
|    clip_range           | 0.2        |
|    entropy_loss         | -3.65      |
|    explained_variance   | 0.0311     |
|    learning_rate        | 0.0003     |
|    loss                 | 3.65       |
|    n_updates            | 1360       |
|    policy_gradient_loss | -0.0295    |
|    value_loss           | 5.4        |
----------------------------------------
----------------------------------------
| rollout/                |            |
|    ep_len_mean          | 6.67       |
|    ep_rew_mean          | -3.23      |
| time/                   |            |
|    fps                  | 1          |
|    iterations           | 138        |
|    time_elapsed         | 11683      |
|    total_timesteps      | 17664      |
| train/                  |            |
|    approx_kl            | 0.02377436 |
|    clip_fraction        | 0.163      |
|    clip_range           | 0.2        |
|    entropy_loss         | -3.23      |
|    explained_variance   | 0.0423     |
|    learning_rate        | 0.0003     |
|    loss                 | 2.44       |
|    n_updates            | 1370       |
|    policy_gradient_loss | -0.0262    |
|    value_loss           | 3.98       |
----------------------------------------
-----------------------------------------
| rollout/                |             |
|    ep_len_mean          | 6.36        |
|    ep_rew_mean          | -3.41       |
| time/                   |             |
|    fps                  | 1           |
|    iterations           | 139         |
|    time_elapsed         | 11773       |
|    total_timesteps      | 17792       |
| train/                  |             |
|    approx_kl            | 0.031183546 |
|    clip_fraction        | 0.177       |
|    clip_range           | 0.2         |
|    entropy_loss         | -3.09       |
|    explained_variance   | 0.0395      |
|    learning_rate        | 0.0003      |
|    loss                 | 0.787       |
|    n_updates            | 1380        |
|    policy_gradient_loss | -0.0287     |
|    value_loss           | 2.13        |
-----------------------------------------
----------------------------------------
| rollout/                |            |
|    ep_len_mean          | 5.82       |
|    ep_rew_mean          | -2.86      |
| time/                   |            |
|    fps                  | 1          |
|    iterations           | 140        |
|    time_elapsed         | 11873      |
|    total_timesteps      | 17920      |
| train/                  |            |
|    approx_kl            | 0.03363855 |
|    clip_fraction        | 0.166      |
|    clip_range           | 0.2        |
|    entropy_loss         | -3.02      |
|    explained_variance   | 0.101      |
|    learning_rate        | 0.0003     |
|    loss                 | 2.29       |
|    n_updates            | 1390       |
|    policy_gradient_loss | -0.00561   |
|    value_loss           | 3.63       |
----------------------------------------
[eval @ 18000] mean_return=-4.96 cleared=0/4  L5:0/2 L6:0/2
-----------------------------------------
| eval/                   |             |
|    cleared_rate         | 0           |
|    level_5/clear_rate   | 0           |
|    level_5/mean_return  | -4.94       |
|    level_6/clear_rate   | 0           |
|    level_6/mean_return  | -4.98       |
|    mean_return          | -4.96       |
| rollout/                |             |
|    ep_len_mean          | 5.94        |
|    ep_rew_mean          | -2.74       |
| time/                   |             |
|    fps                  | 1           |
|    iterations           | 141         |
|    time_elapsed         | 11956       |
|    total_timesteps      | 18048       |
| train/                  |             |
|    approx_kl            | 0.022523915 |
|    clip_fraction        | 0.212       |
|    clip_range           | 0.2         |
|    entropy_loss         | -3.54       |
|    explained_variance   | 0.18        |
|    learning_rate        | 0.0003      |
|    loss                 | 5.72        |
|    n_updates            | 1400        |
|    policy_gradient_loss | -0.0238     |
|    value_loss           | 12.5        |
-----------------------------------------
----------------------------------------
| rollout/                |            |
|    ep_len_mean          | 6.66       |
|    ep_rew_mean          | -2.92      |
| time/                   |            |
|    fps                  | 1          |
|    iterations           | 142        |
|    time_elapsed         | 12037      |
|    total_timesteps      | 18176      |
| train/                  |            |
|    approx_kl            | 0.01389329 |
|    clip_fraction        | 0.131      |
|    clip_range           | 0.2        |
|    entropy_loss         | -3.71      |
|    explained_variance   | 0.206      |
|    learning_rate        | 0.0003     |
|    loss                 | 1.83       |
|    n_updates            | 1410       |
|    policy_gradient_loss | -0.0153    |
|    value_loss           | 6.72       |
----------------------------------------
-----------------------------------------
| rollout/                |             |
|    ep_len_mean          | 6.88        |
|    ep_rew_mean          | -3.16       |
| time/                   |             |
|    fps                  | 1           |
|    iterations           | 143         |
|    time_elapsed         | 12134       |
|    total_timesteps      | 18304       |
| train/                  |             |
|    approx_kl            | 0.022621462 |
|    clip_fraction        | 0.133       |
|    clip_range           | 0.2         |
|    entropy_loss         | -3.59       |
|    explained_variance   | -1.25       |
|    learning_rate        | 0.0003      |
|    loss                 | 0.266       |
|    n_updates            | 1420        |
|    policy_gradient_loss | -0.0305     |
|    value_loss           | 0.904       |
-----------------------------------------
-----------------------------------------
| rollout/                |             |
|    ep_len_mean          | 7.69        |
|    ep_rew_mean          | -3.14       |
| time/                   |             |
|    fps                  | 1           |
|    iterations           | 144         |
|    time_elapsed         | 12284       |
|    total_timesteps      | 18432       |
| train/                  |             |
|    approx_kl            | 0.039383672 |
|    clip_fraction        | 0.223       |
|    clip_range           | 0.2         |
|    entropy_loss         | -3.32       |
|    explained_variance   | -0.0524     |
|    learning_rate        | 0.0003      |
|    loss                 | 0.45        |
|    n_updates            | 1430        |
|    policy_gradient_loss | -0.0211     |
|    value_loss           | 1.03        |
-----------------------------------------
-----------------------------------------
| rollout/                |             |
|    ep_len_mean          | 7.58        |
|    ep_rew_mean          | -2.88       |
| time/                   |             |
|    fps                  | 1           |
|    iterations           | 145         |
|    time_elapsed         | 12369       |
|    total_timesteps      | 18560       |
| train/                  |             |
|    approx_kl            | 0.012647752 |
|    clip_fraction        | 0.0734      |
|    clip_range           | 0.2         |
|    entropy_loss         | -2.34       |
|    explained_variance   | 0.191       |
|    learning_rate        | 0.0003      |
|    loss                 | 0.0797      |
|    n_updates            | 1440        |
|    policy_gradient_loss | -0.0285     |
|    value_loss           | 0.626       |
-----------------------------------------
----------------------------------------
| rollout/                |            |
|    ep_len_mean          | 8.22       |
|    ep_rew_mean          | -3.44      |
| time/                   |            |
|    fps                  | 1          |
|    iterations           | 146        |
|    time_elapsed         | 12444      |
|    total_timesteps      | 18688      |
| train/                  |            |
|    approx_kl            | 0.05864396 |
|    clip_fraction        | 0.194      |
|    clip_range           | 0.2        |
|    entropy_loss         | -3.34      |
|    explained_variance   | 0.195      |
|    learning_rate        | 0.0003     |
|    loss                 | 0.981      |
|    n_updates            | 1450       |
|    policy_gradient_loss | -0.0131    |
|    value_loss           | 1.78       |
----------------------------------------
-----------------------------------------
| rollout/                |             |
|    ep_len_mean          | 8.3         |
|    ep_rew_mean          | -3.62       |
| time/                   |             |
|    fps                  | 1           |
|    iterations           | 147         |
|    time_elapsed         | 12528       |
|    total_timesteps      | 18816       |
| train/                  |             |
|    approx_kl            | 0.033803403 |
|    clip_fraction        | 0.155       |
|    clip_range           | 0.2         |
|    entropy_loss         | -3.38       |
|    explained_variance   | 0.0354      |
|    learning_rate        | 0.0003      |
|    loss                 | 2.15        |
|    n_updates            | 1460        |
|    policy_gradient_loss | -0.0289     |
|    value_loss           | 6.34        |
-----------------------------------------
-----------------------------------------
| rollout/                |             |
|    ep_len_mean          | 8.17        |
|    ep_rew_mean          | -3.53       |
| time/                   |             |
|    fps                  | 1           |
|    iterations           | 148         |
|    time_elapsed         | 12605       |
|    total_timesteps      | 18944       |
| train/                  |             |
|    approx_kl            | 0.022395339 |
|    clip_fraction        | 0.15        |
|    clip_range           | 0.2         |
|    entropy_loss         | -3.52       |
|    explained_variance   | 0.0869      |
|    learning_rate        | 0.0003      |
|    loss                 | 4.82        |
|    n_updates            | 1470        |
|    policy_gradient_loss | -0.0214     |
|    value_loss           | 7.38        |
-----------------------------------------
-----------------------------------------
| rollout/                |             |
|    ep_len_mean          | 6.33        |
|    ep_rew_mean          | -3.35       |
| time/                   |             |
|    fps                  | 1           |
|    iterations           | 149         |
|    time_elapsed         | 12690       |
|    total_timesteps      | 19072       |
| train/                  |             |
|    approx_kl            | 0.017016694 |
|    clip_fraction        | 0.134       |
|    clip_range           | 0.2         |
|    entropy_loss         | -3.4        |
|    explained_variance   | 0.0292      |
|    learning_rate        | 0.0003      |
|    loss                 | 1.9         |
|    n_updates            | 1480        |
|    policy_gradient_loss | -0.00817    |
|    value_loss           | 4.83        |
-----------------------------------------
-----------------------------------------
| rollout/                |             |
|    ep_len_mean          | 6.57        |
|    ep_rew_mean          | -3.51       |
| time/                   |             |
|    fps                  | 1           |
|    iterations           | 150         |
|    time_elapsed         | 12772       |
|    total_timesteps      | 19200       |
| train/                  |             |
|    approx_kl            | 0.022337407 |
|    clip_fraction        | 0.129       |
|    clip_range           | 0.2         |
|    entropy_loss         | -2.77       |
|    explained_variance   | 0.117       |
|    learning_rate        | 0.0003      |
|    loss                 | 3.37        |
|    n_updates            | 1490        |
|    policy_gradient_loss | -0.0185     |
|    value_loss           | 6.64        |
-----------------------------------------
-----------------------------------------
| rollout/                |             |
|    ep_len_mean          | 6.4         |
|    ep_rew_mean          | -3.38       |
| time/                   |             |
|    fps                  | 1           |
|    iterations           | 151         |
|    time_elapsed         | 12846       |
|    total_timesteps      | 19328       |
| train/                  |             |
|    approx_kl            | 0.039624624 |
|    clip_fraction        | 0.251       |
|    clip_range           | 0.2         |
|    entropy_loss         | -3.16       |
|    explained_variance   | 0.115       |
|    learning_rate        | 0.0003      |
|    loss                 | 3.88        |
|    n_updates            | 1500        |
|    policy_gradient_loss | -0.0274     |
|    value_loss           | 6.3         |
-----------------------------------------
-----------------------------------------
| rollout/                |             |
|    ep_len_mean          | 6.62        |
|    ep_rew_mean          | -3.44       |
| time/                   |             |
|    fps                  | 1           |
|    iterations           | 152         |
|    time_elapsed         | 12927       |
|    total_timesteps      | 19456       |
| train/                  |             |
|    approx_kl            | 0.014543075 |
|    clip_fraction        | 0.0609      |
|    clip_range           | 0.2         |
|    entropy_loss         | -2.84       |
|    explained_variance   | 0.172       |
|    learning_rate        | 0.0003      |
|    loss                 | 0.749       |
|    n_updates            | 1510        |
|    policy_gradient_loss | -0.0111     |
|    value_loss           | 1.35        |
-----------------------------------------
-----------------------------------------
| rollout/                |             |
|    ep_len_mean          | 6.47        |
|    ep_rew_mean          | -3.31       |
| time/                   |             |
|    fps                  | 1           |
|    iterations           | 153         |
|    time_elapsed         | 13006       |
|    total_timesteps      | 19584       |
| train/                  |             |
|    approx_kl            | 0.041879643 |
|    clip_fraction        | 0.225       |
|    clip_range           | 0.2         |
|    entropy_loss         | -2.72       |
|    explained_variance   | 0.0694      |
|    learning_rate        | 0.0003      |
|    loss                 | 0.356       |
|    n_updates            | 1520        |
|    policy_gradient_loss | -0.0256     |
|    value_loss           | 1.24        |
-----------------------------------------
-----------------------------------------
| rollout/                |             |
|    ep_len_mean          | 7.02        |
|    ep_rew_mean          | -3.58       |
| time/                   |             |
|    fps                  | 1           |
|    iterations           | 154         |
|    time_elapsed         | 13077       |
|    total_timesteps      | 19712       |
| train/                  |             |
|    approx_kl            | 0.009573981 |
|    clip_fraction        | 0.0516      |
|    clip_range           | 0.2         |
|    entropy_loss         | -2.35       |
|    explained_variance   | 0.138       |
|    learning_rate        | 0.0003      |
|    loss                 | 4.94        |
|    n_updates            | 1530        |
|    policy_gradient_loss | -0.00723    |
|    value_loss           | 9.97        |
-----------------------------------------
-----------------------------------------
| rollout/                |             |
|    ep_len_mean          | 6.58        |
|    ep_rew_mean          | -3.43       |
| time/                   |             |
|    fps                  | 1           |
|    iterations           | 155         |
|    time_elapsed         | 13161       |
|    total_timesteps      | 19840       |
| train/                  |             |
|    approx_kl            | 0.015369484 |
|    clip_fraction        | 0.0914      |
|    clip_range           | 0.2         |
|    entropy_loss         | -2.71       |
|    explained_variance   | 0.108       |
|    learning_rate        | 0.0003      |
|    loss                 | 1.88        |
|    n_updates            | 1540        |
|    policy_gradient_loss | -0.0159     |
|    value_loss           | 4.26        |
-----------------------------------------
-----------------------------------------
| rollout/                |             |
|    ep_len_mean          | 7.06        |
|    ep_rew_mean          | -3.5        |
| time/                   |             |
|    fps                  | 1           |
|    iterations           | 156         |
|    time_elapsed         | 13226       |
|    total_timesteps      | 19968       |
| train/                  |             |
|    approx_kl            | 0.016734276 |
|    clip_fraction        | 0.131       |
|    clip_range           | 0.2         |
|    entropy_loss         | -2.52       |
|    explained_variance   | 0.154       |
|    learning_rate        | 0.0003      |
|    loss                 | 3.36        |
|    n_updates            | 1550        |
|    policy_gradient_loss | -0.0127     |
|    value_loss           | 8.36        |
-----------------------------------------
[eval @ 20000] mean_return=-4.95 cleared=0/4  L5:0/2 L6:0/2
-----------------------------------------
| eval/                   |             |
|    cleared_rate         | 0           |
|    level_5/clear_rate   | 0           |
|    level_5/mean_return  | -4.98       |
|    level_6/clear_rate   | 0           |
|    level_6/mean_return  | -4.93       |
|    mean_return          | -4.95       |
| rollout/                |             |
|    ep_len_mean          | 7.11        |
|    ep_rew_mean          | -3.28       |
| time/                   |             |
|    fps                  | 1           |
|    iterations           | 157         |
|    time_elapsed         | 13308       |
|    total_timesteps      | 20096       |
| train/                  |             |
|    approx_kl            | 0.009149972 |
|    clip_fraction        | 0.0703      |
|    clip_range           | 0.2         |
|    entropy_loss         | -2.56       |
|    explained_variance   | 0.196       |
|    learning_rate        | 0.0003      |
|    loss                 | 0.535       |
|    n_updates            | 1560        |
|    policy_gradient_loss | -0.00978    |
|    value_loss           | 1.37        |
-----------------------------------------
-----------------------------------------
| rollout/                |             |
|    ep_len_mean          | 6.77        |
|    ep_rew_mean          | -2.98       |
| time/                   |             |
|    fps                  | 1           |
|    iterations           | 158         |
|    time_elapsed         | 13392       |
|    total_timesteps      | 20224       |
| train/                  |             |
|    approx_kl            | 0.020597618 |
|    clip_fraction        | 0.184       |
|    clip_range           | 0.2         |
|    entropy_loss         | -2.18       |
|    explained_variance   | 0.115       |
|    learning_rate        | 0.0003      |
|    loss                 | 2.49        |
|    n_updates            | 1570        |
|    policy_gradient_loss | -0.0204     |
|    value_loss           | 6.71        |
-----------------------------------------
-----------------------------------------
| rollout/                |             |
|    ep_len_mean          | 6.28        |
|    ep_rew_mean          | -2.68       |
| time/                   |             |
|    fps                  | 1           |
|    iterations           | 159         |
|    time_elapsed         | 13484       |
|    total_timesteps      | 20352       |
| train/                  |             |
|    approx_kl            | 0.022912713 |
|    clip_fraction        | 0.149       |
|    clip_range           | 0.2         |
|    entropy_loss         | -2.39       |
|    explained_variance   | 0.206       |
|    learning_rate        | 0.0003      |
|    loss                 | 1.4         |
|    n_updates            | 1580        |
|    policy_gradient_loss | -0.0239     |
|    value_loss           | 5.96        |
-----------------------------------------
-----------------------------------------
| rollout/                |             |
|    ep_len_mean          | 6.67        |
|    ep_rew_mean          | -2.77       |
| time/                   |             |
|    fps                  | 1           |
|    iterations           | 160         |
|    time_elapsed         | 13557       |
|    total_timesteps      | 20480       |
| train/                  |             |
|    approx_kl            | 0.063999124 |
|    clip_fraction        | 0.143       |
|    clip_range           | 0.2         |
|    entropy_loss         | -2.26       |
|    explained_variance   | 0.167       |
|    learning_rate        | 0.0003      |
|    loss                 | 3.02        |
|    n_updates            | 1590        |
|    policy_gradient_loss | -0.0139     |
|    value_loss           | 4.26        |
-----------------------------------------
-----------------------------------------
| rollout/                |             |
|    ep_len_mean          | 6.61        |
|    ep_rew_mean          | -2.66       |
| time/                   |             |
|    fps                  | 1           |
|    iterations           | 161         |
|    time_elapsed         | 13626       |
|    total_timesteps      | 20608       |
| train/                  |             |
|    approx_kl            | 0.049110144 |
|    clip_fraction        | 0.206       |
|    clip_range           | 0.2         |
|    entropy_loss         | -1.99       |
|    explained_variance   | 0.17        |
|    learning_rate        | 0.0003      |
|    loss                 | 1.57        |
|    n_updates            | 1600        |
|    policy_gradient_loss | -0.0275     |
|    value_loss           | 3.75        |
-----------------------------------------
-----------------------------------------
| rollout/                |             |
|    ep_len_mean          | 6.27        |
|    ep_rew_mean          | -2.61       |
| time/                   |             |
|    fps                  | 1           |
|    iterations           | 162         |
|    time_elapsed         | 13702       |
|    total_timesteps      | 20736       |
| train/                  |             |
|    approx_kl            | 0.025365068 |
|    clip_fraction        | 0.172       |
|    clip_range           | 0.2         |
|    entropy_loss         | -2.22       |
|    explained_variance   | 0.254       |
|    learning_rate        | 0.0003      |
|    loss                 | 1.97        |
|    n_updates            | 1610        |
|    policy_gradient_loss | -0.0207     |
|    value_loss           | 4.36        |
-----------------------------------------
----------------------------------------
| rollout/                |            |
|    ep_len_mean          | 6.43       |
|    ep_rew_mean          | -2.64      |
| time/                   |            |
|    fps                  | 1          |
|    iterations           | 163        |
|    time_elapsed         | 13765      |
|    total_timesteps      | 20864      |
| train/                  |            |
|    approx_kl            | 0.02966059 |
|    clip_fraction        | 0.208      |
|    clip_range           | 0.2        |
|    entropy_loss         | -2.34      |
|    explained_variance   | 0.231      |
|    learning_rate        | 0.0003     |
|    loss                 | 1.32       |
|    n_updates            | 1620       |
|    policy_gradient_loss | -0.0196    |
|    value_loss           | 4.64       |
----------------------------------------
----------------------------------------
| rollout/                |            |
|    ep_len_mean          | 6.57       |
|    ep_rew_mean          | -2.73      |
| time/                   |            |
|    fps                  | 1          |
|    iterations           | 164        |
|    time_elapsed         | 13846      |
|    total_timesteps      | 20992      |
| train/                  |            |
|    approx_kl            | 0.02194545 |
|    clip_fraction        | 0.117      |
|    clip_range           | 0.2        |
|    entropy_loss         | -2.58      |
|    explained_variance   | 0.105      |
|    learning_rate        | 0.0003     |
|    loss                 | 5.92       |
|    n_updates            | 1630       |
|    policy_gradient_loss | -0.0159    |
|    value_loss           | 10.7       |
----------------------------------------
-----------------------------------------
| rollout/                |             |
|    ep_len_mean          | 6.58        |
|    ep_rew_mean          | -2.53       |
| time/                   |             |
|    fps                  | 1           |
|    iterations           | 165         |
|    time_elapsed         | 13920       |
|    total_timesteps      | 21120       |
| train/                  |             |
|    approx_kl            | 0.017842473 |
|    clip_fraction        | 0.0602      |
|    clip_range           | 0.2         |
|    entropy_loss         | -2.22       |
|    explained_variance   | 0.191       |
|    learning_rate        | 0.0003      |
|    loss                 | 3.91        |
|    n_updates            | 1640        |
|    policy_gradient_loss | -0.0163     |
|    value_loss           | 7.35        |
-----------------------------------------
-----------------------------------------
| rollout/                |             |
|    ep_len_mean          | 6.34        |
|    ep_rew_mean          | -2.36       |
| time/                   |             |
|    fps                  | 1           |
|    iterations           | 166         |
|    time_elapsed         | 13998       |
|    total_timesteps      | 21248       |
| train/                  |             |
|    approx_kl            | 0.032012254 |
|    clip_fraction        | 0.1         |
|    clip_range           | 0.2         |
|    entropy_loss         | -2.29       |
|    explained_variance   | 0.317       |
|    learning_rate        | 0.0003      |
|    loss                 | 2.76        |
|    n_updates            | 1650        |
|    policy_gradient_loss | -0.00289    |
|    value_loss           | 5.75        |
-----------------------------------------
----------------------------------------
| rollout/                |            |
|    ep_len_mean          | 6.54       |
|    ep_rew_mean          | -2.28      |
| time/                   |            |
|    fps                  | 1          |
|    iterations           | 167        |
|    time_elapsed         | 14082      |
|    total_timesteps      | 21376      |
| train/                  |            |
|    approx_kl            | 0.00476572 |
|    clip_fraction        | 0.0289     |
|    clip_range           | 0.2        |
|    entropy_loss         | -1.97      |
|    explained_variance   | 0.31       |
|    learning_rate        | 0.0003     |
|    loss                 | 4.11       |
|    n_updates            | 1660       |
|    policy_gradient_loss | -0.0126    |
|    value_loss           | 9.79       |
----------------------------------------
-----------------------------------------
| rollout/                |             |
|    ep_len_mean          | 6.38        |
|    ep_rew_mean          | -2.88       |
| time/                   |             |
|    fps                  | 1           |
|    iterations           | 168         |
|    time_elapsed         | 14172       |
|    total_timesteps      | 21504       |
| train/                  |             |
|    approx_kl            | 0.016716672 |
|    clip_fraction        | 0.082       |
|    clip_range           | 0.2         |
|    entropy_loss         | -2.15       |
|    explained_variance   | 0.244       |
|    learning_rate        | 0.0003      |
|    loss                 | 3.71        |
|    n_updates            | 1670        |
|    policy_gradient_loss | -0.0139     |
|    value_loss           | 5.5         |
-----------------------------------------
----------------------------------------
| rollout/                |            |
|    ep_len_mean          | 6.53       |
|    ep_rew_mean          | -2.86      |
| time/                   |            |
|    fps                  | 1          |
|    iterations           | 169        |
|    time_elapsed         | 14247      |
|    total_timesteps      | 21632      |
| train/                  |            |
|    approx_kl            | 0.01871819 |
|    clip_fraction        | 0.0789     |
|    clip_range           | 0.2        |
|    entropy_loss         | -2.04      |
|    explained_variance   | -3.62      |
|    learning_rate        | 0.0003     |
|    loss                 | 0.327      |
|    n_updates            | 1680       |
|    policy_gradient_loss | -0.018     |
|    value_loss           | 0.909      |
----------------------------------------
-----------------------------------------
| rollout/                |             |
|    ep_len_mean          | 6.38        |
|    ep_rew_mean          | -2.75       |
| time/                   |             |
|    fps                  | 1           |
|    iterations           | 170         |
|    time_elapsed         | 14341       |
|    total_timesteps      | 21760       |
| train/                  |             |
|    approx_kl            | 0.026141064 |
|    clip_fraction        | 0.102       |
|    clip_range           | 0.2         |
|    entropy_loss         | -2.4        |
|    explained_variance   | 0.233       |
|    learning_rate        | 0.0003      |
|    loss                 | 2.33        |
|    n_updates            | 1690        |
|    policy_gradient_loss | -0.0117     |
|    value_loss           | 7.74        |
-----------------------------------------
-----------------------------------------
| rollout/                |             |
|    ep_len_mean          | 6.5         |
|    ep_rew_mean          | -2.64       |
| time/                   |             |
|    fps                  | 1           |
|    iterations           | 171         |
|    time_elapsed         | 14408       |
|    total_timesteps      | 21888       |
| train/                  |             |
|    approx_kl            | 0.018501487 |
|    clip_fraction        | 0.0766      |
|    clip_range           | 0.2         |
|    entropy_loss         | -2.28       |
|    explained_variance   | 0.329       |
|    learning_rate        | 0.0003      |
|    loss                 | 4.48        |
|    n_updates            | 1700        |
|    policy_gradient_loss | -0.0174     |
|    value_loss           | 8.53        |
-----------------------------------------
[eval @ 22000] mean_return=-4.97 cleared=0/4  L5:0/2 L6:0/2
----------------------------------------
| eval/                   |            |
|    cleared_rate         | 0          |
|    level_5/clear_rate   | 0          |
|    level_5/mean_return  | -4.99      |
|    level_6/clear_rate   | 0          |
|    level_6/mean_return  | -4.96      |
|    mean_return          | -4.97      |
| rollout/                |            |
|    ep_len_mean          | 6.64       |
|    ep_rew_mean          | -2.34      |
| time/                   |            |
|    fps                  | 1          |
|    iterations           | 172        |
|    time_elapsed         | 14487      |
|    total_timesteps      | 22016      |
| train/                  |            |
|    approx_kl            | 0.03817589 |
|    clip_fraction        | 0.212      |
|    clip_range           | 0.2        |
|    entropy_loss         | -2.57      |
|    explained_variance   | 0.242      |
|    learning_rate        | 0.0003     |
|    loss                 | 4.33       |
|    n_updates            | 1710       |
|    policy_gradient_loss | -0.0143    |
|    value_loss           | 8.54       |
----------------------------------------
-----------------------------------------
| rollout/                |             |
|    ep_len_mean          | 6.31        |
|    ep_rew_mean          | -1.48       |
| time/                   |             |
|    fps                  | 1           |
|    iterations           | 173         |
|    time_elapsed         | 14571       |
|    total_timesteps      | 22144       |
| train/                  |             |
|    approx_kl            | 0.046361536 |
|    clip_fraction        | 0.105       |
|    clip_range           | 0.2         |
|    entropy_loss         | -2.42       |
|    explained_variance   | 0.427       |
|    learning_rate        | 0.0003      |
|    loss                 | 3.55        |
|    n_updates            | 1720        |
|    policy_gradient_loss | -0.00997    |
|    value_loss           | 7.31        |
-----------------------------------------
----------------------------------------
| rollout/                |            |
|    ep_len_mean          | 6.12       |
|    ep_rew_mean          | -1.63      |
| time/                   |            |
|    fps                  | 1          |
|    iterations           | 174        |
|    time_elapsed         | 14660      |
|    total_timesteps      | 22272      |
| train/                  |            |
|    approx_kl            | 0.13172047 |
|    clip_fraction        | 0.291      |
|    clip_range           | 0.2        |
|    entropy_loss         | -3.03      |
|    explained_variance   | 0.445      |
|    learning_rate        | 0.0003     |
|    loss                 | 4.69       |
|    n_updates            | 1730       |
|    policy_gradient_loss | 0.00864    |
|    value_loss           | 10.3       |
----------------------------------------
----------------------------------------
| rollout/                |            |
|    ep_len_mean          | 6.52       |
|    ep_rew_mean          | -1.58      |
| time/                   |            |
|    fps                  | 1          |
|    iterations           | 175        |
|    time_elapsed         | 14732      |
|    total_timesteps      | 22400      |
| train/                  |            |
|    approx_kl            | 0.01276909 |
|    clip_fraction        | 0.0563     |
|    clip_range           | 0.2        |
|    entropy_loss         | -3.04      |
|    explained_variance   | 0.471      |
|    learning_rate        | 0.0003     |
|    loss                 | 3.58       |
|    n_updates            | 1740       |
|    policy_gradient_loss | -0.0111    |
|    value_loss           | 7.34       |
----------------------------------------
----------------------------------------
| rollout/                |            |
|    ep_len_mean          | 6.26       |
|    ep_rew_mean          | -1.76      |
| time/                   |            |
|    fps                  | 1          |
|    iterations           | 176        |
|    time_elapsed         | 14810      |
|    total_timesteps      | 22528      |
| train/                  |            |
|    approx_kl            | 0.02352868 |
|    clip_fraction        | 0.113      |
|    clip_range           | 0.2        |
|    entropy_loss         | -2.86      |
|    explained_variance   | 0.31       |
|    learning_rate        | 0.0003     |
|    loss                 | 4.06       |
|    n_updates            | 1750       |
|    policy_gradient_loss | -0.0152    |
|    value_loss           | 8.7        |
----------------------------------------
----------------------------------------
| rollout/                |            |
|    ep_len_mean          | 6.26       |
|    ep_rew_mean          | -1.44      |
| time/                   |            |
|    fps                  | 1          |
|    iterations           | 177        |
|    time_elapsed         | 14888      |
|    total_timesteps      | 22656      |
| train/                  |            |
|    approx_kl            | 0.03455604 |
|    clip_fraction        | 0.232      |
|    clip_range           | 0.2        |
|    entropy_loss         | -2.73      |
|    explained_variance   | 0.153      |
|    learning_rate        | 0.0003     |
|    loss                 | 4.46       |
|    n_updates            | 1760       |
|    policy_gradient_loss | -0.00464   |
|    value_loss           | 7.24       |
----------------------------------------
-----------------------------------------
| rollout/                |             |
|    ep_len_mean          | 6.46        |
|    ep_rew_mean          | -1.65       |
| time/                   |             |
|    fps                  | 1           |
|    iterations           | 178         |
|    time_elapsed         | 14965       |
|    total_timesteps      | 22784       |
| train/                  |             |
|    approx_kl            | 0.023463886 |
|    clip_fraction        | 0.082       |
|    clip_range           | 0.2         |
|    entropy_loss         | -2.62       |
|    explained_variance   | 0.386       |
|    learning_rate        | 0.0003      |
|    loss                 | 5.53        |
|    n_updates            | 1770        |
|    policy_gradient_loss | 0.00313     |
|    value_loss           | 14.1        |
-----------------------------------------
-----------------------------------------
| rollout/                |             |
|    ep_len_mean          | 6.35        |
|    ep_rew_mean          | -1.64       |
| time/                   |             |
|    fps                  | 1           |
|    iterations           | 179         |
|    time_elapsed         | 15046       |
|    total_timesteps      | 22912       |
| train/                  |             |
|    approx_kl            | 0.008764343 |
|    clip_fraction        | 0.0734      |
|    clip_range           | 0.2         |
|    entropy_loss         | -2.73       |
|    explained_variance   | -0.0194     |
|    learning_rate        | 0.0003      |
|    loss                 | 5.62        |
|    n_updates            | 1780        |
|    policy_gradient_loss | 0.0105      |
|    value_loss           | 13.3        |
-----------------------------------------
-----------------------------------------
| rollout/                |             |
|    ep_len_mean          | 6.37        |
|    ep_rew_mean          | -1.82       |
| time/                   |             |
|    fps                  | 1           |
|    iterations           | 180         |
|    time_elapsed         | 15119       |
|    total_timesteps      | 23040       |
| train/                  |             |
|    approx_kl            | 0.016119812 |
|    clip_fraction        | 0.0492      |
|    clip_range           | 0.2         |
|    entropy_loss         | -2.51       |
|    explained_variance   | 0.172       |
|    learning_rate        | 0.0003      |
|    loss                 | 2.47        |
|    n_updates            | 1790        |
|    policy_gradient_loss | -0.0134     |
|    value_loss           | 6.7         |
-----------------------------------------
--------------------------------------
| rollout/                |          |
|    ep_len_mean          | 6.32     |
|    ep_rew_mean          | -1.73    |
| time/                   |          |
|    fps                  | 1        |
|    iterations           | 181      |
|    time_elapsed         | 15202    |
|    total_timesteps      | 23168    |
| train/                  |          |
|    approx_kl            | 0.043572 |
|    clip_fraction        | 0.139    |
|    clip_range           | 0.2      |
|    entropy_loss         | -2.91    |
|    explained_variance   | 0.208    |
|    learning_rate        | 0.0003   |
|    loss                 | 2.07     |
|    n_updates            | 1800     |
|    policy_gradient_loss | -0.0102  |
|    value_loss           | 4.79     |
--------------------------------------
----------------------------------------
| rollout/                |            |
|    ep_len_mean          | 6.2        |
|    ep_rew_mean          | -2.4       |
| time/                   |            |
|    fps                  | 1          |
|    iterations           | 182        |
|    time_elapsed         | 15299      |
|    total_timesteps      | 23296      |
| train/                  |            |
|    approx_kl            | 0.07861908 |
|    clip_fraction        | 0.166      |
|    clip_range           | 0.2        |
|    entropy_loss         | -2.65      |
|    explained_variance   | 0.169      |
|    learning_rate        | 0.0003     |
|    loss                 | 2.43       |
|    n_updates            | 1810       |
|    policy_gradient_loss | -0.00265   |
|    value_loss           | 6.75       |
----------------------------------------
-----------------------------------------
| rollout/                |             |
|    ep_len_mean          | 5.6         |
|    ep_rew_mean          | -2.48       |
| time/                   |             |
|    fps                  | 1           |
|    iterations           | 183         |
|    time_elapsed         | 15388       |
|    total_timesteps      | 23424       |
| train/                  |             |
|    approx_kl            | 0.026333254 |
|    clip_fraction        | 0.106       |
|    clip_range           | 0.2         |
|    entropy_loss         | -2.81       |
|    explained_variance   | -0.024      |
|    learning_rate        | 0.0003      |
|    loss                 | 1.3         |
|    n_updates            | 1820        |
|    policy_gradient_loss | -0.014      |
|    value_loss           | 2.24        |
-----------------------------------------
----------------------------------------
| rollout/                |            |
|    ep_len_mean          | 5.79       |
|    ep_rew_mean          | -2.62      |
| time/                   |            |
|    fps                  | 1          |
|    iterations           | 184        |
|    time_elapsed         | 15473      |
|    total_timesteps      | 23552      |
| train/                  |            |
|    approx_kl            | 0.10524112 |
|    clip_fraction        | 0.202      |
|    clip_range           | 0.2        |
|    entropy_loss         | -2.68      |
|    explained_variance   | 0.279      |
|    learning_rate        | 0.0003     |
|    loss                 | 4.58       |
|    n_updates            | 1830       |
|    policy_gradient_loss | -0.00924   |
|    value_loss           | 8.31       |
----------------------------------------
-----------------------------------------
| rollout/                |             |
|    ep_len_mean          | 6.13        |
|    ep_rew_mean          | -2.73       |
| time/                   |             |
|    fps                  | 1           |
|    iterations           | 185         |
|    time_elapsed         | 15568       |
|    total_timesteps      | 23680       |
| train/                  |             |
|    approx_kl            | 0.080390096 |
|    clip_fraction        | 0.21        |
|    clip_range           | 0.2         |
|    entropy_loss         | -2.92       |
|    explained_variance   | 0.0904      |
|    learning_rate        | 0.0003      |
|    loss                 | 2.26        |
|    n_updates            | 1840        |
|    policy_gradient_loss | 0.0518      |
|    value_loss           | 3.31        |
-----------------------------------------
-----------------------------------------
| rollout/                |             |
|    ep_len_mean          | 6.39        |
|    ep_rew_mean          | -3.11       |
| time/                   |             |
|    fps                  | 1           |
|    iterations           | 186         |
|    time_elapsed         | 15657       |
|    total_timesteps      | 23808       |
| train/                  |             |
|    approx_kl            | 0.013002709 |
|    clip_fraction        | 0.123       |
|    clip_range           | 0.2         |
|    entropy_loss         | -2.62       |
|    explained_variance   | 0.462       |
|    learning_rate        | 0.0003      |
|    loss                 | 0.79        |
|    n_updates            | 1850        |
|    policy_gradient_loss | -0.00362    |
|    value_loss           | 1.2         |
-----------------------------------------
-----------------------------------------
| rollout/                |             |
|    ep_len_mean          | 6.45        |
|    ep_rew_mean          | -2.99       |
| time/                   |             |
|    fps                  | 1           |
|    iterations           | 187         |
|    time_elapsed         | 15742       |
|    total_timesteps      | 23936       |
| train/                  |             |
|    approx_kl            | 0.018037837 |
|    clip_fraction        | 0.12        |
|    clip_range           | 0.2         |
|    entropy_loss         | -2.64       |
|    explained_variance   | 0.276       |
|    learning_rate        | 0.0003      |
|    loss                 | 0.286       |
|    n_updates            | 1860        |
|    policy_gradient_loss | 0.00389     |
|    value_loss           | 0.465       |
-----------------------------------------
[eval @ 24000] mean_return=-4.96 cleared=0/4  L5:0/2 L6:0/2
-----------------------------------------
| eval/                   |             |
|    cleared_rate         | 0           |
|    level_5/clear_rate   | 0           |
|    level_5/mean_return  | -4.96       |
|    level_6/clear_rate   | 0           |
|    level_6/mean_return  | -4.95       |
|    mean_return          | -4.96       |
| rollout/                |             |
|    ep_len_mean          | 6.7         |
|    ep_rew_mean          | -2.76       |
| time/                   |             |
|    fps                  | 1           |
|    iterations           | 188         |
|    time_elapsed         | 15837       |
|    total_timesteps      | 24064       |
| train/                  |             |
|    approx_kl            | 0.051721692 |
|    clip_fraction        | 0.221       |
|    clip_range           | 0.2         |
|    entropy_loss         | -2.56       |
|    explained_variance   | 0.106       |
|    learning_rate        | 0.0003      |
|    loss                 | 4.08        |
|    n_updates            | 1870        |
|    policy_gradient_loss | -0.0102     |
|    value_loss           | 4.84        |
-----------------------------------------
----------------------------------------
| rollout/                |            |
|    ep_len_mean          | 6.03       |
|    ep_rew_mean          | -2.84      |
| time/                   |            |
|    fps                  | 1          |
|    iterations           | 189        |
|    time_elapsed         | 15923      |
|    total_timesteps      | 24192      |
| train/                  |            |
|    approx_kl            | 0.06712936 |
|    clip_fraction        | 0.165      |
|    clip_range           | 0.2        |
|    entropy_loss         | -2.79      |
|    explained_variance   | 0.0377     |
|    learning_rate        | 0.0003     |
|    loss                 | 5.06       |
|    n_updates            | 1880       |
|    policy_gradient_loss | -0.014     |
|    value_loss           | 10.8       |
----------------------------------------
-----------------------------------------
| rollout/                |             |
|    ep_len_mean          | 6.29        |
|    ep_rew_mean          | -2.99       |
| time/                   |             |
|    fps                  | 1           |
|    iterations           | 190         |
|    time_elapsed         | 15998       |
|    total_timesteps      | 24320       |
| train/                  |             |
|    approx_kl            | 0.045488268 |
|    clip_fraction        | 0.205       |
|    clip_range           | 0.2         |
|    entropy_loss         | -2.47       |
|    explained_variance   | 0.000995    |
|    learning_rate        | 0.0003      |
|    loss                 | 5.21        |
|    n_updates            | 1890        |
|    policy_gradient_loss | 0.00487     |
|    value_loss           | 9.31        |
-----------------------------------------
-----------------------------------------
| rollout/                |             |
|    ep_len_mean          | 5.99        |
|    ep_rew_mean          | -2.53       |
| time/                   |             |
|    fps                  | 1           |
|    iterations           | 191         |
|    time_elapsed         | 16068       |
|    total_timesteps      | 24448       |
| train/                  |             |
|    approx_kl            | 0.042232968 |
|    clip_fraction        | 0.145       |
|    clip_range           | 0.2         |
|    entropy_loss         | -2.26       |
|    explained_variance   | 0.0258      |
|    learning_rate        | 0.0003      |
|    loss                 | 0.0945      |
|    n_updates            | 1900        |
|    policy_gradient_loss | -0.00637    |
|    value_loss           | 1.36        |
-----------------------------------------
-----------------------------------------
| rollout/                |             |
|    ep_len_mean          | 6.49        |
|    ep_rew_mean          | -2.29       |
| time/                   |             |
|    fps                  | 1           |
|    iterations           | 192         |
|    time_elapsed         | 16134       |
|    total_timesteps      | 24576       |
| train/                  |             |
|    approx_kl            | 0.044691805 |
|    clip_fraction        | 0.153       |
|    clip_range           | 0.2         |
|    entropy_loss         | -2.61       |
|    explained_variance   | -0.000982   |
|    learning_rate        | 0.0003      |
|    loss                 | 3.71        |
|    n_updates            | 1910        |
|    policy_gradient_loss | -0.0141     |
|    value_loss           | 10.2        |
-----------------------------------------
-----------------------------------------
| rollout/                |             |
|    ep_len_mean          | 6.59        |
|    ep_rew_mean          | -2.27       |
| time/                   |             |
|    fps                  | 1           |
|    iterations           | 193         |
|    time_elapsed         | 16212       |
|    total_timesteps      | 24704       |
| train/                  |             |
|    approx_kl            | 0.054729104 |
|    clip_fraction        | 0.315       |
|    clip_range           | 0.2         |
|    entropy_loss         | -2.76       |
|    explained_variance   | -0.00485    |
|    learning_rate        | 0.0003      |
|    loss                 | 6.99        |
|    n_updates            | 1920        |
|    policy_gradient_loss | -0.0154     |
|    value_loss           | 13.1        |
-----------------------------------------
----------------------------------------
| rollout/                |            |
|    ep_len_mean          | 6.29       |
|    ep_rew_mean          | -2.48      |
| time/                   |            |
|    fps                  | 1          |
|    iterations           | 194        |
|    time_elapsed         | 16308      |
|    total_timesteps      | 24832      |
| train/                  |            |
|    approx_kl            | 0.19272158 |
|    clip_fraction        | 0.173      |
|    clip_range           | 0.2        |
|    entropy_loss         | -2.91      |
|    explained_variance   | 0.0137     |
|    learning_rate        | 0.0003     |
|    loss                 | 6.67       |
|    n_updates            | 1930       |
|    policy_gradient_loss | 0.00393    |
|    value_loss           | 13.1       |
----------------------------------------
----------------------------------------
| rollout/                |            |
|    ep_len_mean          | 5.44       |
|    ep_rew_mean          | -2.37      |
| time/                   |            |
|    fps                  | 1          |
|    iterations           | 195        |
|    time_elapsed         | 16396      |
|    total_timesteps      | 24960      |
| train/                  |            |
|    approx_kl            | 0.09390956 |
|    clip_fraction        | 0.175      |
|    clip_range           | 0.2        |
|    entropy_loss         | -3.03      |
|    explained_variance   | 0.0467     |
|    learning_rate        | 0.0003     |
|    loss                 | 2.8        |
|    n_updates            | 1940       |
|    policy_gradient_loss | -0.0187    |
|    value_loss           | 4.55       |
----------------------------------------
-----------------------------------------
| rollout/                |             |
|    ep_len_mean          | 5.63        |
|    ep_rew_mean          | -2.61       |
| time/                   |             |
|    fps                  | 1           |
|    iterations           | 196         |
|    time_elapsed         | 16472       |
|    total_timesteps      | 25088       |
| train/                  |             |
|    approx_kl            | 0.022697588 |
|    clip_fraction        | 0.173       |
|    clip_range           | 0.2         |
|    entropy_loss         | -3.11       |
|    explained_variance   | 0.0948      |
|    learning_rate        | 0.0003      |
|    loss                 | 3.99        |
|    n_updates            | 1950        |
|    policy_gradient_loss | -0.0199     |
|    value_loss           | 10.3        |
-----------------------------------------
----------------------------------------
| rollout/                |            |
|    ep_len_mean          | 5.51       |
|    ep_rew_mean          | -3.14      |
| time/                   |            |
|    fps                  | 1          |
|    iterations           | 197        |
|    time_elapsed         | 16565      |
|    total_timesteps      | 25216      |
| train/                  |            |
|    approx_kl            | 0.05844429 |
|    clip_fraction        | 0.222      |
|    clip_range           | 0.2        |
|    entropy_loss         | -3.1       |
|    explained_variance   | -0.105     |
|    learning_rate        | 0.0003     |
|    loss                 | 0.643      |
|    n_updates            | 1960       |
|    policy_gradient_loss | 0.0015     |
|    value_loss           | 2.98       |
----------------------------------------
-----------------------------------------
| rollout/                |             |
|    ep_len_mean          | 5.66        |
|    ep_rew_mean          | -2.64       |
| time/                   |             |
|    fps                  | 1           |
|    iterations           | 198         |
|    time_elapsed         | 16650       |
|    total_timesteps      | 25344       |
| train/                  |             |
|    approx_kl            | 0.038358234 |
|    clip_fraction        | 0.102       |
|    clip_range           | 0.2         |
|    entropy_loss         | -2.88       |
|    explained_variance   | 0.0403      |
|    learning_rate        | 0.0003      |
|    loss                 | 2.37        |
|    n_updates            | 1970        |
|    policy_gradient_loss | -0.0141     |
|    value_loss           | 6.3         |
-----------------------------------------
----------------------------------------
| rollout/                |            |
|    ep_len_mean          | 6.2        |
|    ep_rew_mean          | -2.69      |
| time/                   |            |
|    fps                  | 1          |
|    iterations           | 199        |
|    time_elapsed         | 16735      |
|    total_timesteps      | 25472      |
| train/                  |            |
|    approx_kl            | 0.09375309 |
|    clip_fraction        | 0.3        |
|    clip_range           | 0.2        |
|    entropy_loss         | -2.99      |
|    explained_variance   | 0.0262     |
|    learning_rate        | 0.0003     |
|    loss                 | 6.55       |
|    n_updates            | 1980       |
|    policy_gradient_loss | 0.0201     |
|    value_loss           | 15.2       |
----------------------------------------
-----------------------------------------
| rollout/                |             |
|    ep_len_mean          | 6.65        |
|    ep_rew_mean          | -2.67       |
| time/                   |             |
|    fps                  | 1           |
|    iterations           | 200         |
|    time_elapsed         | 16807       |
|    total_timesteps      | 25600       |
| train/                  |             |
|    approx_kl            | 0.114461005 |
|    clip_fraction        | 0.177       |
|    clip_range           | 0.2         |
|    entropy_loss         | -2.66       |
|    explained_variance   | -0.381      |
|    learning_rate        | 0.0003      |
|    loss                 | 1.1         |
|    n_updates            | 1990        |
|    policy_gradient_loss | -0.0105     |
|    value_loss           | 3.82        |
-----------------------------------------
-----------------------------------------
| rollout/                |             |
|    ep_len_mean          | 6.99        |
|    ep_rew_mean          | -2.64       |
| time/                   |             |
|    fps                  | 1           |
|    iterations           | 201         |
|    time_elapsed         | 16898       |
|    total_timesteps      | 25728       |
| train/                  |             |
|    approx_kl            | 0.048260666 |
|    clip_fraction        | 0.27        |
|    clip_range           | 0.2         |
|    entropy_loss         | -2.94       |
|    explained_variance   | 0.00331     |
|    learning_rate        | 0.0003      |
|    loss                 | 2.59        |
|    n_updates            | 2000        |
|    policy_gradient_loss | -0.00861    |
|    value_loss           | 3.5         |
-----------------------------------------
-----------------------------------------
| rollout/                |             |
|    ep_len_mean          | 6.68        |
|    ep_rew_mean          | -2.59       |
| time/                   |             |
|    fps                  | 1           |
|    iterations           | 202         |
|    time_elapsed         | 16990       |
|    total_timesteps      | 25856       |
| train/                  |             |
|    approx_kl            | 0.014245538 |
|    clip_fraction        | 0.107       |
|    clip_range           | 0.2         |
|    entropy_loss         | -2.68       |
|    explained_variance   | 0.0256      |
|    learning_rate        | 0.0003      |
|    loss                 | 5.5         |
|    n_updates            | 2010        |
|    policy_gradient_loss | -0.0176     |
|    value_loss           | 10.9        |
-----------------------------------------
----------------------------------------
| rollout/                |            |
|    ep_len_mean          | 6.92       |
|    ep_rew_mean          | -2.69      |
| time/                   |            |
|    fps                  | 1          |
|    iterations           | 203        |
|    time_elapsed         | 17076      |
|    total_timesteps      | 25984      |
| train/                  |            |
|    approx_kl            | 0.03505275 |
|    clip_fraction        | 0.133      |
|    clip_range           | 0.2        |
|    entropy_loss         | -2.66      |
|    explained_variance   | 0.0661     |
|    learning_rate        | 0.0003     |
|    loss                 | 3.36       |
|    n_updates            | 2020       |
|    policy_gradient_loss | -0.00841   |
|    value_loss           | 8.06       |
----------------------------------------
[eval @ 26000] mean_return=-4.97 cleared=0/4  L5:0/2 L6:0/2
-----------------------------------------
| eval/                   |             |
|    cleared_rate         | 0           |
|    level_5/clear_rate   | 0           |
|    level_5/mean_return  | -4.98       |
|    level_6/clear_rate   | 0           |
|    level_6/mean_return  | -4.96       |
|    mean_return          | -4.97       |
| rollout/                |             |
|    ep_len_mean          | 7.39        |
|    ep_rew_mean          | -2.75       |
| time/                   |             |
|    fps                  | 1           |
|    iterations           | 204         |
|    time_elapsed         | 17164       |
|    total_timesteps      | 26112       |
| train/                  |             |
|    approx_kl            | 0.061688684 |
|    clip_fraction        | 0.211       |
|    clip_range           | 0.2         |
|    entropy_loss         | -2.7        |
|    explained_variance   | 0.0739      |
|    learning_rate        | 0.0003      |
|    loss                 | 4.15        |
|    n_updates            | 2030        |
|    policy_gradient_loss | -0.00384    |
|    value_loss           | 8.01        |
-----------------------------------------
----------------------------------------
| rollout/                |            |
|    ep_len_mean          | 7.49       |
|    ep_rew_mean          | -2.74      |
| time/                   |            |
|    fps                  | 1          |
|    iterations           | 205        |
|    time_elapsed         | 17240      |
|    total_timesteps      | 26240      |
| train/                  |            |
|    approx_kl            | 0.03361684 |
|    clip_fraction        | 0.0906     |
|    clip_range           | 0.2        |
|    entropy_loss         | -2.33      |
|    explained_variance   | 0.125      |
|    learning_rate        | 0.0003     |
|    loss                 | 0.663      |
|    n_updates            | 2040       |
|    policy_gradient_loss | -0.00388   |
|    value_loss           | 2.03       |
----------------------------------------
---------------------------------------
| rollout/                |           |
|    ep_len_mean          | 6.9       |
|    ep_rew_mean          | -2.89     |
| time/                   |           |
|    fps                  | 1         |
|    iterations           | 206       |
|    time_elapsed         | 17323     |
|    total_timesteps      | 26368     |
| train/                  |           |
|    approx_kl            | 0.0997855 |
|    clip_fraction        | 0.291     |
|    clip_range           | 0.2       |
|    entropy_loss         | -2.16     |
|    explained_variance   | 0.0153    |
|    learning_rate        | 0.0003    |
|    loss                 | 2.93      |
|    n_updates            | 2050      |
|    policy_gradient_loss | 0.0297    |
|    value_loss           | 5.51      |
---------------------------------------
---------------------------------------
| rollout/                |           |
|    ep_len_mean          | 6.98      |
|    ep_rew_mean          | -3.09     |
| time/                   |           |
|    fps                  | 1         |
|    iterations           | 207       |
|    time_elapsed         | 17403     |
|    total_timesteps      | 26496     |
| train/                  |           |
|    approx_kl            | 0.0308881 |
|    clip_fraction        | 0.133     |
|    clip_range           | 0.2       |
|    entropy_loss         | -2.34     |
|    explained_variance   | 0.0597    |
|    learning_rate        | 0.0003    |
|    loss                 | 0.222     |
|    n_updates            | 2060      |
|    policy_gradient_loss | -0.0103   |
|    value_loss           | 1.29      |
---------------------------------------
-----------------------------------------
| rollout/                |             |
|    ep_len_mean          | 6.51        |
|    ep_rew_mean          | -2.89       |
| time/                   |             |
|    fps                  | 1           |
|    iterations           | 208         |
|    time_elapsed         | 17505       |
|    total_timesteps      | 26624       |
| train/                  |             |
|    approx_kl            | 0.055387486 |
|    clip_fraction        | 0.227       |
|    clip_range           | 0.2         |
|    entropy_loss         | -2.39       |
|    explained_variance   | 0.00379     |
|    learning_rate        | 0.0003      |
|    loss                 | 2.44        |
|    n_updates            | 2070        |
|    policy_gradient_loss | -0.0153     |
|    value_loss           | 5.12        |
-----------------------------------------
-----------------------------------------
| rollout/                |             |
|    ep_len_mean          | 7.4         |
|    ep_rew_mean          | -3.27       |
| time/                   |             |
|    fps                  | 1           |
|    iterations           | 209         |
|    time_elapsed         | 17571       |
|    total_timesteps      | 26752       |
| train/                  |             |
|    approx_kl            | 0.029309915 |
|    clip_fraction        | 0.246       |
|    clip_range           | 0.2         |
|    entropy_loss         | -2.2        |
|    explained_variance   | 0.102       |
|    learning_rate        | 0.0003      |
|    loss                 | 3.29        |
|    n_updates            | 2080        |
|    policy_gradient_loss | -0.0183     |
|    value_loss           | 5.58        |
-----------------------------------------
---------------------------------------
| rollout/                |           |
|    ep_len_mean          | 6.76      |
|    ep_rew_mean          | -3.37     |
| time/                   |           |
|    fps                  | 1         |
|    iterations           | 210       |
|    time_elapsed         | 17648     |
|    total_timesteps      | 26880     |
| train/                  |           |
|    approx_kl            | 0.0313877 |
|    clip_fraction        | 0.13      |
|    clip_range           | 0.2       |
|    entropy_loss         | -2.23     |
|    explained_variance   | -0.0681   |
|    learning_rate        | 0.0003    |
|    loss                 | 0.25      |
|    n_updates            | 2090      |
|    policy_gradient_loss | -0.0228   |
|    value_loss           | 0.59      |
---------------------------------------
-----------------------------------------
| rollout/                |             |
|    ep_len_mean          | 6.73        |
|    ep_rew_mean          | -3.25       |
| time/                   |             |
|    fps                  | 1           |
|    iterations           | 211         |
|    time_elapsed         | 17728       |
|    total_timesteps      | 27008       |
| train/                  |             |
|    approx_kl            | 0.033041246 |
|    clip_fraction        | 0.166       |
|    clip_range           | 0.2         |
|    entropy_loss         | -2.15       |
|    explained_variance   | 0           |
|    learning_rate        | 0.0003      |
|    loss                 | 0.547       |
|    n_updates            | 2100        |
|    policy_gradient_loss | -0.0156     |
|    value_loss           | 1.18        |
-----------------------------------------
----------------------------------------
| rollout/                |            |
|    ep_len_mean          | 7.07       |
|    ep_rew_mean          | -3.07      |
| time/                   |            |
|    fps                  | 1          |
|    iterations           | 212        |
|    time_elapsed         | 17802      |
|    total_timesteps      | 27136      |
| train/                  |            |
|    approx_kl            | 0.01874102 |
|    clip_fraction        | 0.134      |
|    clip_range           | 0.2        |
|    entropy_loss         | -2.37      |
|    explained_variance   | 1.19e-07   |
|    learning_rate        | 0.0003     |
|    loss                 | 3.49       |
|    n_updates            | 2110       |
|    policy_gradient_loss | -0.0164    |
|    value_loss           | 6.61       |
----------------------------------------
----------------------------------------
| rollout/                |            |
|    ep_len_mean          | 7.21       |
|    ep_rew_mean          | -3.54      |
| time/                   |            |
|    fps                  | 1          |
|    iterations           | 213        |
|    time_elapsed         | 17882      |
|    total_timesteps      | 27264      |
| train/                  |            |
|    approx_kl            | 0.03107769 |
|    clip_fraction        | 0.0492     |
|    clip_range           | 0.2        |
|    entropy_loss         | -2.35      |
|    explained_variance   | -1.19e-07  |
|    learning_rate        | 0.0003     |
|    loss                 | 6.96       |
|    n_updates            | 2120       |
|    policy_gradient_loss | -0.00745   |
|    value_loss           | 11.6       |
----------------------------------------
-----------------------------------------
| rollout/                |             |
|    ep_len_mean          | 7.43        |
|    ep_rew_mean          | -3.66       |
| time/                   |             |
|    fps                  | 1           |
|    iterations           | 214         |
|    time_elapsed         | 17946       |
|    total_timesteps      | 27392       |
| train/                  |             |
|    approx_kl            | 0.023273101 |
|    clip_fraction        | 0.093       |
|    clip_range           | 0.2         |
|    entropy_loss         | -2.11       |
|    explained_variance   | 0           |
|    learning_rate        | 0.0003      |
|    loss                 | 0.741       |
|    n_updates            | 2130        |
|    policy_gradient_loss | -0.0147     |
|    value_loss           | 1.67        |
-----------------------------------------
-----------------------------------------
| rollout/                |             |
|    ep_len_mean          | 7.08        |
|    ep_rew_mean          | -3.42       |
| time/                   |             |
|    fps                  | 1           |
|    iterations           | 215         |
|    time_elapsed         | 18015       |
|    total_timesteps      | 27520       |
| train/                  |             |
|    approx_kl            | 0.024059623 |
|    clip_fraction        | 0.17        |
|    clip_range           | 0.2         |
|    entropy_loss         | -1.73       |
|    explained_variance   | -1.19e-07   |
|    learning_rate        | 0.0003      |
|    loss                 | 0.0604      |
|    n_updates            | 2140        |
|    policy_gradient_loss | -0.00965    |
|    value_loss           | 1.42        |
-----------------------------------------
----------------------------------------
| rollout/                |            |
|    ep_len_mean          | 7.34       |
|    ep_rew_mean          | -3.47      |
| time/                   |            |
|    fps                  | 1          |
|    iterations           | 216        |
|    time_elapsed         | 18080      |
|    total_timesteps      | 27648      |
| train/                  |            |
|    approx_kl            | 0.02470811 |
|    clip_fraction        | 0.102      |
|    clip_range           | 0.2        |
|    entropy_loss         | -1.98      |
|    explained_variance   | 5.96e-08   |
|    learning_rate        | 0.0003     |
|    loss                 | 3.41       |
|    n_updates            | 2150       |
|    policy_gradient_loss | -0.0203    |
|    value_loss           | 7.43       |
----------------------------------------
-----------------------------------------
| rollout/                |             |
|    ep_len_mean          | 7.28        |
|    ep_rew_mean          | -3.62       |
| time/                   |             |
|    fps                  | 1           |
|    iterations           | 217         |
|    time_elapsed         | 18150       |
|    total_timesteps      | 27776       |
| train/                  |             |
|    approx_kl            | 0.050323978 |
|    clip_fraction        | 0.289       |
|    clip_range           | 0.2         |
|    entropy_loss         | -1.82       |
|    explained_variance   | -1.19e-07   |
|    learning_rate        | 0.0003      |
|    loss                 | 0.56        |
|    n_updates            | 2160        |
|    policy_gradient_loss | -0.0142     |
|    value_loss           | 1.24        |
-----------------------------------------
-----------------------------------------
| rollout/                |             |
|    ep_len_mean          | 7.5         |
|    ep_rew_mean          | -3.48       |
| time/                   |             |
|    fps                  | 1           |
|    iterations           | 218         |
|    time_elapsed         | 18210       |
|    total_timesteps      | 27904       |
| train/                  |             |
|    approx_kl            | 0.013615475 |
|    clip_fraction        | 0.102       |
|    clip_range           | 0.2         |
|    entropy_loss         | -1.6        |
|    explained_variance   | 0           |
|    learning_rate        | 0.0003      |
|    loss                 | 0.911       |
|    n_updates            | 2170        |
|    policy_gradient_loss | -0.00659    |
|    value_loss           | 1.02        |
-----------------------------------------
[eval @ 28000] mean_return=-4.94 cleared=0/4  L5:0/2 L6:0/2
------------------------------------------
| eval/                   |              |
|    cleared_rate         | 0            |
|    level_5/clear_rate   | 0            |
|    level_5/mean_return  | -4.98        |
|    level_6/clear_rate   | 0            |
|    level_6/mean_return  | -4.89        |
|    mean_return          | -4.94        |
| rollout/                |              |
|    ep_len_mean          | 8.01         |
|    ep_rew_mean          | -3.47        |
| time/                   |              |
|    fps                  | 1            |
|    iterations           | 219          |
|    time_elapsed         | 18259        |
|    total_timesteps      | 28032        |
| train/                  |              |
|    approx_kl            | 0.0154561065 |
|    clip_fraction        | 0.123        |
|    clip_range           | 0.2          |
|    entropy_loss         | -1.42        |
|    explained_variance   | 0            |
|    learning_rate        | 0.0003       |
|    loss                 | 3.89         |
|    n_updates            | 2180         |
|    policy_gradient_loss | -0.00275     |
|    value_loss           | 7.77         |
------------------------------------------
-----------------------------------------
| rollout/                |             |
|    ep_len_mean          | 8.35        |
|    ep_rew_mean          | -3.25       |
| time/                   |             |
|    fps                  | 1           |
|    iterations           | 220         |
|    time_elapsed         | 18313       |
|    total_timesteps      | 28160       |
| train/                  |             |
|    approx_kl            | 0.014384598 |
|    clip_fraction        | 0.117       |
|    clip_range           | 0.2         |
|    entropy_loss         | -1.38       |
|    explained_variance   | 5.96e-08    |
|    learning_rate        | 0.0003      |
|    loss                 | 0.222       |
|    n_updates            | 2190        |
|    policy_gradient_loss | -0.0131     |
|    value_loss           | 0.556       |
-----------------------------------------
-----------------------------------------
| rollout/                |             |
|    ep_len_mean          | 8.25        |
|    ep_rew_mean          | -3.48       |
| time/                   |             |
|    fps                  | 1           |
|    iterations           | 221         |
|    time_elapsed         | 18386       |
|    total_timesteps      | 28288       |
| train/                  |             |
|    approx_kl            | 0.008971353 |
|    clip_fraction        | 0.0617      |
|    clip_range           | 0.2         |
|    entropy_loss         | -1.5        |
|    explained_variance   | -2.38e-07   |
|    learning_rate        | 0.0003      |
|    loss                 | 2.97        |
|    n_updates            | 2200        |
|    policy_gradient_loss | -0.000428   |
|    value_loss           | 7.39        |
-----------------------------------------
----------------------------------------
| rollout/                |            |
|    ep_len_mean          | 8.92       |
|    ep_rew_mean          | -3.49      |
| time/                   |            |
|    fps                  | 1          |
|    iterations           | 222        |
|    time_elapsed         | 18435      |
|    total_timesteps      | 28416      |
| train/                  |            |
|    approx_kl            | 0.05169436 |
|    clip_fraction        | 0.274      |
|    clip_range           | 0.2        |
|    entropy_loss         | -1.3       |
|    explained_variance   | 5.96e-08   |
|    learning_rate        | 0.0003     |
|    loss                 | 3.38       |
|    n_updates            | 2210       |
|    policy_gradient_loss | -0.0268    |
|    value_loss           | 7.47       |
----------------------------------------
------------------------------------------
| rollout/                |              |
|    ep_len_mean          | 9.06         |
|    ep_rew_mean          | -3.37        |
| time/                   |              |
|    fps                  | 1            |
|    iterations           | 223          |
|    time_elapsed         | 18479        |
|    total_timesteps      | 28544        |
| train/                  |              |
|    approx_kl            | 0.0044193994 |
|    clip_fraction        | 0.025        |
|    clip_range           | 0.2          |
|    entropy_loss         | -1.05        |
|    explained_variance   | 5.96e-08     |
|    learning_rate        | 0.0003       |
|    loss                 | 0.627        |
|    n_updates            | 2220         |
|    policy_gradient_loss | -0.00596     |
|    value_loss           | 1.18         |
------------------------------------------
------------------------------------------
| rollout/                |              |
|    ep_len_mean          | 9.73         |
|    ep_rew_mean          | -3.45        |
| time/                   |              |
|    fps                  | 1            |
|    iterations           | 224          |
|    time_elapsed         | 18503        |
|    total_timesteps      | 28672        |
| train/                  |              |
|    approx_kl            | 0.0044837394 |
|    clip_fraction        | 0.0391       |
|    clip_range           | 0.2          |
|    entropy_loss         | -0.955       |
|    explained_variance   | 0            |
|    learning_rate        | 0.0003       |
|    loss                 | 2.53         |
|    n_updates            | 2230         |
|    policy_gradient_loss | -0.00749     |
|    value_loss           | 6.04         |
------------------------------------------
-----------------------------------------
| rollout/                |             |
|    ep_len_mean          | 10.8        |
|    ep_rew_mean          | -3.53       |
| time/                   |             |
|    fps                  | 1           |
|    iterations           | 225         |
|    time_elapsed         | 18539       |
|    total_timesteps      | 28800       |
| train/                  |             |
|    approx_kl            | 0.002419006 |
|    clip_fraction        | 0.0141      |
|    clip_range           | 0.2         |
|    entropy_loss         | -0.77       |
|    explained_variance   | 0           |
|    learning_rate        | 0.0003      |
|    loss                 | 0.251       |
|    n_updates            | 2240        |
|    policy_gradient_loss | -0.00763    |
|    value_loss           | 0.616       |
-----------------------------------------
------------------------------------------
| rollout/                |              |
|    ep_len_mean          | 11.7         |
|    ep_rew_mean          | -3.6         |
| time/                   |              |
|    fps                  | 1            |
|    iterations           | 226          |
|    time_elapsed         | 18578        |
|    total_timesteps      | 28928        |
| train/                  |              |
|    approx_kl            | 0.0069201384 |
|    clip_fraction        | 0.0219       |
|    clip_range           | 0.2          |
|    entropy_loss         | -0.872       |
|    explained_variance   | 5.96e-08     |
|    learning_rate        | 0.0003       |
|    loss                 | 0.577        |
|    n_updates            | 2250         |
|    policy_gradient_loss | -0.00775     |
|    value_loss           | 0.846        |
------------------------------------------
----------------------------------------
| rollout/                |            |
|    ep_len_mean          | 12.3       |
|    ep_rew_mean          | -3.69      |
| time/                   |            |
|    fps                  | 1          |
|    iterations           | 227        |
|    time_elapsed         | 18621      |
|    total_timesteps      | 29056      |
| train/                  |            |
|    approx_kl            | 0.01675272 |
|    clip_fraction        | 0.0797     |
|    clip_range           | 0.2        |
|    entropy_loss         | -0.885     |
|    explained_variance   | 0          |
|    learning_rate        | 0.0003     |
|    loss                 | 0.223      |
|    n_updates            | 2260       |
|    policy_gradient_loss | -0.0133    |
|    value_loss           | 0.529      |
----------------------------------------
----------------------------------------
| rollout/                |            |
|    ep_len_mean          | 13.1       |
|    ep_rew_mean          | -3.84      |
| time/                   |            |
|    fps                  | 1          |
|    iterations           | 228        |
|    time_elapsed         | 18660      |
|    total_timesteps      | 29184      |
| train/                  |            |
|    approx_kl            | 0.01670159 |
|    clip_fraction        | 0.112      |
|    clip_range           | 0.2        |
|    entropy_loss         | -1.17      |
|    explained_variance   | -1.19e-07  |
|    learning_rate        | 0.0003     |
|    loss                 | 3.15       |
|    n_updates            | 2270       |
|    policy_gradient_loss | 0.0249     |
|    value_loss           | 7.1        |
----------------------------------------
----------------------------------------
| rollout/                |            |
|    ep_len_mean          | 11.8       |
|    ep_rew_mean          | -3.75      |
| time/                   |            |
|    fps                  | 1          |
|    iterations           | 229        |
|    time_elapsed         | 18736      |
|    total_timesteps      | 29312      |
| train/                  |            |
|    approx_kl            | 0.01848076 |
|    clip_fraction        | 0.0375     |
|    clip_range           | 0.2        |
|    entropy_loss         | -0.674     |
|    explained_variance   | 0          |
|    learning_rate        | 0.0003     |
|    loss                 | 0.751      |
|    n_updates            | 2280       |
|    policy_gradient_loss | -0.0113    |
|    value_loss           | 1.37       |
----------------------------------------
-----------------------------------------
| rollout/                |             |
|    ep_len_mean          | 12.9        |
|    ep_rew_mean          | -3.83       |
| time/                   |             |
|    fps                  | 1           |
|    iterations           | 230         |
|    time_elapsed         | 18765       |
|    total_timesteps      | 29440       |
| train/                  |             |
|    approx_kl            | 0.013999757 |
|    clip_fraction        | 0.0867      |
|    clip_range           | 0.2         |
|    entropy_loss         | -1.03       |
|    explained_variance   | 0.24        |
|    learning_rate        | 0.0003      |
|    loss                 | 1.36        |
|    n_updates            | 2290        |
|    policy_gradient_loss | -0.00507    |
|    value_loss           | 1.52        |
-----------------------------------------
-----------------------------------------
| rollout/                |             |
|    ep_len_mean          | 13          |
|    ep_rew_mean          | -3.34       |
| time/                   |             |
|    fps                  | 1           |
|    iterations           | 231         |
|    time_elapsed         | 18797       |
|    total_timesteps      | 29568       |
| train/                  |             |
|    approx_kl            | 0.014304273 |
|    clip_fraction        | 0.141       |
|    clip_range           | 0.2         |
|    entropy_loss         | -0.742      |
|    explained_variance   | 1.25e-06    |
|    learning_rate        | 0.0003      |
|    loss                 | 0.0311      |
|    n_updates            | 2300        |
|    policy_gradient_loss | -0.015      |
|    value_loss           | 0.172       |
-----------------------------------------
-----------------------------------------
| rollout/                |             |
|    ep_len_mean          | 14.7        |
|    ep_rew_mean          | -3.41       |
| time/                   |             |
|    fps                  | 1           |
|    iterations           | 232         |
|    time_elapsed         | 18839       |
|    total_timesteps      | 29696       |
| train/                  |             |
|    approx_kl            | 0.005183027 |
|    clip_fraction        | 0.0742      |
|    clip_range           | 0.2         |
|    entropy_loss         | -0.86       |
|    explained_variance   | -1.67e-06   |
|    learning_rate        | 0.0003      |
|    loss                 | 5.98        |
|    n_updates            | 2310        |
|    policy_gradient_loss | -0.00851    |
|    value_loss           | 14.7        |
-----------------------------------------
-----------------------------------------
| rollout/                |             |
|    ep_len_mean          | 14.7        |
|    ep_rew_mean          | -3.45       |
| time/                   |             |
|    fps                  | 1           |
|    iterations           | 233         |
|    time_elapsed         | 18882       |
|    total_timesteps      | 29824       |
| train/                  |             |
|    approx_kl            | 0.020790268 |
|    clip_fraction        | 0.0891      |
|    clip_range           | 0.2         |
|    entropy_loss         | -0.609      |
|    explained_variance   | 0.000192    |
|    learning_rate        | 0.0003      |
|    loss                 | 0.253       |
|    n_updates            | 2320        |
|    policy_gradient_loss | -0.0161     |
|    value_loss           | 0.729       |
-----------------------------------------
-----------------------------------------
| rollout/                |             |
|    ep_len_mean          | 14.6        |
|    ep_rew_mean          | -3.45       |
| time/                   |             |
|    fps                  | 1           |
|    iterations           | 234         |
|    time_elapsed         | 18914       |
|    total_timesteps      | 29952       |
| train/                  |             |
|    approx_kl            | 0.034654036 |
|    clip_fraction        | 0.0547      |
|    clip_range           | 0.2         |
|    entropy_loss         | -0.621      |
|    explained_variance   | -0.00157    |
|    learning_rate        | 0.0003      |
|    loss                 | 0.156       |
|    n_updates            | 2330        |
|    policy_gradient_loss | -0.0103     |
|    value_loss           | 0.825       |
-----------------------------------------
[eval @ 30000] mean_return=-4.90 cleared=0/4  L5:0/2 L6:0/2
-----------------------------------------
| eval/                   |             |
|    cleared_rate         | 0           |
|    level_5/clear_rate   | 0           |
|    level_5/mean_return  | -4.98       |
|    level_6/clear_rate   | 0           |
|    level_6/mean_return  | -4.81       |
|    mean_return          | -4.9        |
| rollout/                |             |
|    ep_len_mean          | 15.2        |
|    ep_rew_mean          | -3.63       |
| time/                   |             |
|    fps                  | 1           |
|    iterations           | 235         |
|    time_elapsed         | 18951       |
|    total_timesteps      | 30080       |
| train/                  |             |
|    approx_kl            | 0.016546324 |
|    clip_fraction        | 0.11        |
|    clip_range           | 0.2         |
|    entropy_loss         | -0.641      |
|    explained_variance   | 0.0336      |
|    learning_rate        | 0.0003      |
|    loss                 | 0.153       |
|    n_updates            | 2340        |
|    policy_gradient_loss | -0.0144     |
|    value_loss           | 0.739       |
-----------------------------------------
----------------------------------------
| rollout/                |            |
|    ep_len_mean          | 15         |
|    ep_rew_mean          | -3.36      |
| time/                   |            |
|    fps                  | 1          |
|    iterations           | 236        |
|    time_elapsed         | 18975      |
|    total_timesteps      | 30208      |
| train/                  |            |
|    approx_kl            | 0.00782717 |
|    clip_fraction        | 0.0844     |
|    clip_range           | 0.2        |
|    entropy_loss         | -0.44      |
|    explained_variance   | -0.0763    |
|    learning_rate        | 0.0003     |
|    loss                 | 0.0961     |
|    n_updates            | 2350       |
|    policy_gradient_loss | -0.0199    |
|    value_loss           | 0.281      |
----------------------------------------
----------------------------------------
| rollout/                |            |
|    ep_len_mean          | 15.8       |
|    ep_rew_mean          | -3.44      |
| time/                   |            |
|    fps                  | 1          |
|    iterations           | 237        |
|    time_elapsed         | 18999      |
|    total_timesteps      | 30336      |
| train/                  |            |
|    approx_kl            | 0.07946109 |
|    clip_fraction        | 0.124      |
|    clip_range           | 0.2        |
|    entropy_loss         | -0.79      |
|    explained_variance   | -0.00172   |
|    learning_rate        | 0.0003     |
|    loss                 | 2.07       |
|    n_updates            | 2360       |
|    policy_gradient_loss | -0.0265    |
|    value_loss           | 7.01       |
----------------------------------------
-----------------------------------------
| rollout/                |             |
|    ep_len_mean          | 14.8        |
|    ep_rew_mean          | -3.4        |
| time/                   |             |
|    fps                  | 1           |
|    iterations           | 238         |
|    time_elapsed         | 19032       |
|    total_timesteps      | 30464       |
| train/                  |             |
|    approx_kl            | 0.016602293 |
|    clip_fraction        | 0.0367      |
|    clip_range           | 0.2         |
|    entropy_loss         | -0.545      |
|    explained_variance   | -0.176      |
|    learning_rate        | 0.0003      |
|    loss                 | 0.264       |
|    n_updates            | 2370        |
|    policy_gradient_loss | -0.0164     |
|    value_loss           | 0.682       |
-----------------------------------------
------------------------------------------
| rollout/                |              |
|    ep_len_mean          | 15.3         |
|    ep_rew_mean          | -3.4         |
| time/                   |              |
|    fps                  | 1            |
|    iterations           | 239          |
|    time_elapsed         | 19049        |
|    total_timesteps      | 30592        |
| train/                  |              |
|    approx_kl            | 0.0020401417 |
|    clip_fraction        | 0.0391       |
|    clip_range           | 0.2          |
|    entropy_loss         | -0.446       |
|    explained_variance   | 0.179        |
|    learning_rate        | 0.0003       |
|    loss                 | 0.414        |
|    n_updates            | 2380         |
|    policy_gradient_loss | -0.00458     |
|    value_loss           | 1.19         |
------------------------------------------
-----------------------------------------
| rollout/                |             |
|    ep_len_mean          | 15.8        |
|    ep_rew_mean          | -3.49       |
| time/                   |             |
|    fps                  | 1           |
|    iterations           | 240         |
|    time_elapsed         | 19080       |
|    total_timesteps      | 30720       |
| train/                  |             |
|    approx_kl            | 0.001440702 |
|    clip_fraction        | 0.0133      |
|    clip_range           | 0.2         |
|    entropy_loss         | -0.415      |
|    explained_variance   | 0.278       |
|    learning_rate        | 0.0003      |
|    loss                 | 0.0451      |
|    n_updates            | 2390        |
|    policy_gradient_loss | -0.0113     |
|    value_loss           | 0.151       |
-----------------------------------------
-----------------------------------------
| rollout/                |             |
|    ep_len_mean          | 16.2        |
|    ep_rew_mean          | -3.41       |
| time/                   |             |
|    fps                  | 1           |
|    iterations           | 241         |
|    time_elapsed         | 19115       |
|    total_timesteps      | 30848       |
| train/                  |             |
|    approx_kl            | 0.018003974 |
|    clip_fraction        | 0.0938      |
|    clip_range           | 0.2         |
|    entropy_loss         | -0.404      |
|    explained_variance   | 0.158       |
|    learning_rate        | 0.0003      |
|    loss                 | 0.131       |
|    n_updates            | 2400        |
|    policy_gradient_loss | -0.0199     |
|    value_loss           | 0.338       |
-----------------------------------------
-----------------------------------------
| rollout/                |             |
|    ep_len_mean          | 17.2        |
|    ep_rew_mean          | -3.3        |
| time/                   |             |
|    fps                  | 1           |
|    iterations           | 242         |
|    time_elapsed         | 19140       |
|    total_timesteps      | 30976       |
| train/                  |             |
|    approx_kl            | 0.005362753 |
|    clip_fraction        | 0.0273      |
|    clip_range           | 0.2         |
|    entropy_loss         | -0.329      |
|    explained_variance   | 0.271       |
|    learning_rate        | 0.0003      |
|    loss                 | 0.546       |
|    n_updates            | 2410        |
|    policy_gradient_loss | -0.00545    |
|    value_loss           | 1.25        |
-----------------------------------------
-----------------------------------------
| rollout/                |             |
|    ep_len_mean          | 17.5        |
|    ep_rew_mean          | -3.3        |
| time/                   |             |
|    fps                  | 1           |
|    iterations           | 243         |
|    time_elapsed         | 19158       |
|    total_timesteps      | 31104       |
| train/                  |             |
|    approx_kl            | 0.019647721 |
|    clip_fraction        | 0.0414      |
|    clip_range           | 0.2         |
|    entropy_loss         | -0.384      |
|    explained_variance   | 0.0659      |
|    learning_rate        | 0.0003      |
|    loss                 | 0.982       |
|    n_updates            | 2420        |
|    policy_gradient_loss | -0.00496    |
|    value_loss           | 3.81        |
-----------------------------------------
-----------------------------------------
| rollout/                |             |
|    ep_len_mean          | 18.4        |
|    ep_rew_mean          | -2.98       |
| time/                   |             |
|    fps                  | 1           |
|    iterations           | 244         |
|    time_elapsed         | 19178       |
|    total_timesteps      | 31232       |
| train/                  |             |
|    approx_kl            | 0.007245687 |
|    clip_fraction        | 0.057       |
|    clip_range           | 0.2         |
|    entropy_loss         | -0.393      |
|    explained_variance   | -0.388      |
|    learning_rate        | 0.0003      |
|    loss                 | 0.142       |
|    n_updates            | 2430        |
|    policy_gradient_loss | -0.00621    |
|    value_loss           | 0.999       |
-----------------------------------------
-----------------------------------------
| rollout/                |             |
|    ep_len_mean          | 18.9        |
|    ep_rew_mean          | -3.01       |
| time/                   |             |
|    fps                  | 1           |
|    iterations           | 245         |
|    time_elapsed         | 19194       |
|    total_timesteps      | 31360       |
| train/                  |             |
|    approx_kl            | 0.010737879 |
|    clip_fraction        | 0.0312      |
|    clip_range           | 0.2         |
|    entropy_loss         | -0.218      |
|    explained_variance   | -0.256      |
|    learning_rate        | 0.0003      |
|    loss                 | 0.283       |
|    n_updates            | 2440        |
|    policy_gradient_loss | -0.00813    |
|    value_loss           | 1.11        |
-----------------------------------------
------------------------------------------
| rollout/                |              |
|    ep_len_mean          | 19.4         |
|    ep_rew_mean          | -3.12        |
| time/                   |              |
|    fps                  | 1            |
|    iterations           | 246          |
|    time_elapsed         | 19204        |
|    total_timesteps      | 31488        |
| train/                  |              |
|    approx_kl            | 0.0015758928 |
|    clip_fraction        | 0.00937      |
|    clip_range           | 0.2          |
|    entropy_loss         | -0.178       |
|    explained_variance   | 0.369        |
|    learning_rate        | 0.0003       |
|    loss                 | 0.111        |
|    n_updates            | 2450         |
|    policy_gradient_loss | -0.00381     |
|    value_loss           | 0.504        |
------------------------------------------
------------------------------------------
| rollout/                |              |
|    ep_len_mean          | 20.2         |
|    ep_rew_mean          | -3.04        |
| time/                   |              |
|    fps                  | 1            |
|    iterations           | 247          |
|    time_elapsed         | 19229        |
|    total_timesteps      | 31616        |
| train/                  |              |
|    approx_kl            | 0.0012273248 |
|    clip_fraction        | 0.0117       |
|    clip_range           | 0.2          |
|    entropy_loss         | -0.16        |
|    explained_variance   | -0.162       |
|    learning_rate        | 0.0003       |
|    loss                 | 0.0268       |
|    n_updates            | 2460         |
|    policy_gradient_loss | -0.0071      |
|    value_loss           | 0.17         |
------------------------------------------
-----------------------------------------
| rollout/                |             |
|    ep_len_mean          | 20.2        |
|    ep_rew_mean          | -3.04       |
| time/                   |             |
|    fps                  | 1           |
|    iterations           | 248         |
|    time_elapsed         | 19236       |
|    total_timesteps      | 31744       |
| train/                  |             |
|    approx_kl            | 0.015634846 |
|    clip_fraction        | 0.0437      |
|    clip_range           | 0.2         |
|    entropy_loss         | -0.251      |
|    explained_variance   | 0.292       |
|    learning_rate        | 0.0003      |
|    loss                 | 0.74        |
|    n_updates            | 2470        |
|    policy_gradient_loss | -0.0125     |
|    value_loss           | 1.15        |
-----------------------------------------
-------------------------------------------
| rollout/                |               |
|    ep_len_mean          | 21.6          |
|    ep_rew_mean          | -3.05         |
| time/                   |               |
|    fps                  | 1             |
|    iterations           | 249           |
|    time_elapsed         | 19256         |
|    total_timesteps      | 31872         |
| train/                  |               |
|    approx_kl            | 1.1222437e-07 |
|    clip_fraction        | 0             |
|    clip_range           | 0.2           |
|    entropy_loss         | -0.125        |
|    explained_variance   | -0.153        |
|    learning_rate        | 0.0003        |
|    loss                 | 0.0105        |
|    n_updates            | 2480          |
|    policy_gradient_loss | -0.000143     |
|    value_loss           | 0.139         |
-------------------------------------------
[eval @ 32000] mean_return=-4.94 cleared=0/4  L5:0/2 L6:0/2
------------------------------------------
| eval/                   |              |
|    cleared_rate         | 0            |
|    level_5/clear_rate   | 0            |
|    level_5/mean_return  | -4.98        |
|    level_6/clear_rate   | 0            |
|    level_6/mean_return  | -4.91        |
|    mean_return          | -4.94        |
| rollout/                |              |
|    ep_len_mean          | 22.2         |
|    ep_rew_mean          | -3.04        |
| time/                   |              |
|    fps                  | 1            |
|    iterations           | 250          |
|    time_elapsed         | 19271        |
|    total_timesteps      | 32000        |
| train/                  |              |
|    approx_kl            | 0.0033922815 |
|    clip_fraction        | 0.0156       |
|    clip_range           | 0.2          |
|    entropy_loss         | -0.175       |
|    explained_variance   | -1.05        |
|    learning_rate        | 0.0003       |
|    loss                 | 0.2          |
|    n_updates            | 2490         |
|    policy_gradient_loss | -0.00434     |
|    value_loss           | 0.716        |
------------------------------------------
-------------------------------------------
| rollout/                |               |
|    ep_len_mean          | 23.8          |
|    ep_rew_mean          | -2.91         |
| time/                   |               |
|    fps                  | 1             |
|    iterations           | 251           |
|    time_elapsed         | 19288         |
|    total_timesteps      | 32128         |
| train/                  |               |
|    approx_kl            | 0.00054546725 |
|    clip_fraction        | 0             |
|    clip_range           | 0.2           |
|    entropy_loss         | -0.186        |
|    explained_variance   | 0.379         |
|    learning_rate        | 0.0003        |
|    loss                 | 0.0567        |
|    n_updates            | 2500          |
|    policy_gradient_loss | -0.00261      |
|    value_loss           | 0.296         |
-------------------------------------------
-----------------------------------------
| rollout/                |             |
|    ep_len_mean          | 24.6        |
|    ep_rew_mean          | -2.91       |
| time/                   |             |
|    fps                  | 1           |
|    iterations           | 252         |
|    time_elapsed         | 19301       |
|    total_timesteps      | 32256       |
| train/                  |             |
|    approx_kl            | 0.034989685 |
|    clip_fraction        | 0.0516      |
|    clip_range           | 0.2         |
|    entropy_loss         | -0.225      |
|    explained_variance   | 0.35        |
|    learning_rate        | 0.0003      |
|    loss                 | 0.0448      |
|    n_updates            | 2510        |
|    policy_gradient_loss | -0.0194     |
|    value_loss           | 0.822       |
-----------------------------------------
-----------------------------------------
| rollout/                |             |
|    ep_len_mean          | 25.4        |
|    ep_rew_mean          | -2.78       |
| time/                   |             |
|    fps                  | 1           |
|    iterations           | 253         |
|    time_elapsed         | 19318       |
|    total_timesteps      | 32384       |
| train/                  |             |
|    approx_kl            | 0.031265695 |
|    clip_fraction        | 0.144       |
|    clip_range           | 0.2         |
|    entropy_loss         | -0.412      |
|    explained_variance   | -0.00853    |
|    learning_rate        | 0.0003      |
|    loss                 | 0.0131      |
|    n_updates            | 2520        |
|    policy_gradient_loss | -0.0436     |
|    value_loss           | 0.291       |
-----------------------------------------
-----------------------------------------
| rollout/                |             |
|    ep_len_mean          | 26          |
|    ep_rew_mean          | -2.86       |
| time/                   |             |
|    fps                  | 1           |
|    iterations           | 254         |
|    time_elapsed         | 19335       |
|    total_timesteps      | 32512       |
| train/                  |             |
|    approx_kl            | 0.015051832 |
|    clip_fraction        | 0.0312      |
|    clip_range           | 0.2         |
|    entropy_loss         | -0.273      |
|    explained_variance   | 0.0662      |
|    learning_rate        | 0.0003      |
|    loss                 | 0.182       |
|    n_updates            | 2530        |
|    policy_gradient_loss | -0.018      |
|    value_loss           | 1.22        |
-----------------------------------------
-----------------------------------------
| rollout/                |             |
|    ep_len_mean          | 25.9        |
|    ep_rew_mean          | -2.79       |
| time/                   |             |
|    fps                  | 1           |
|    iterations           | 255         |
|    time_elapsed         | 19349       |
|    total_timesteps      | 32640       |
| train/                  |             |
|    approx_kl            | 0.017982857 |
|    clip_fraction        | 0.0297      |
|    clip_range           | 0.2         |
|    entropy_loss         | -0.168      |
|    explained_variance   | -0.562      |
|    learning_rate        | 0.0003      |
|    loss                 | 0.0791      |
|    n_updates            | 2540        |
|    policy_gradient_loss | -0.00997    |
|    value_loss           | 0.324       |
-----------------------------------------
------------------------------------------
| rollout/                |              |
|    ep_len_mean          | 27.2         |
|    ep_rew_mean          | -2.79        |
| time/                   |              |
|    fps                  | 1            |
|    iterations           | 256          |
|    time_elapsed         | 19364        |
|    total_timesteps      | 32768        |
| train/                  |              |
|    approx_kl            | 0.0014943588 |
|    clip_fraction        | 0.00703      |
|    clip_range           | 0.2          |
|    entropy_loss         | -0.114       |
|    explained_variance   | 0.107        |
|    learning_rate        | 0.0003       |
|    loss                 | 0.308        |
|    n_updates            | 2550         |
|    policy_gradient_loss | -0.0047      |
|    value_loss           | 0.532        |
------------------------------------------
-----------------------------------------
| rollout/                |             |
|    ep_len_mean          | 28.2        |
|    ep_rew_mean          | -2.79       |
| time/                   |             |
|    fps                  | 1           |
|    iterations           | 257         |
|    time_elapsed         | 19375       |
|    total_timesteps      | 32896       |
| train/                  |             |
|    approx_kl            | 0.011838209 |
|    clip_fraction        | 0.0898      |
|    clip_range           | 0.2         |
|    entropy_loss         | -0.283      |
|    explained_variance   | -0.208      |
|    learning_rate        | 0.0003      |
|    loss                 | 0.115       |
|    n_updates            | 2560        |
|    policy_gradient_loss | -0.0232     |
|    value_loss           | 0.32        |
-----------------------------------------
------------------------------------------
| rollout/                |              |
|    ep_len_mean          | 28.7         |
|    ep_rew_mean          | -2.79        |
| time/                   |              |
|    fps                  | 1            |
|    iterations           | 258          |
|    time_elapsed         | 19387        |
|    total_timesteps      | 33024        |
| train/                  |              |
|    approx_kl            | 0.0045958795 |
|    clip_fraction        | 0.0211       |
|    clip_range           | 0.2          |
|    entropy_loss         | -0.115       |
|    explained_variance   | 0.323        |
|    learning_rate        | 0.0003       |
|    loss                 | 0.0193       |
|    n_updates            | 2570         |
|    policy_gradient_loss | -0.00862     |
|    value_loss           | 0.103        |
------------------------------------------
------------------------------------------
| rollout/                |              |
|    ep_len_mean          | 29           |
|    ep_rew_mean          | -2.78        |
| time/                   |              |
|    fps                  | 1            |
|    iterations           | 259          |
|    time_elapsed         | 19395        |
|    total_timesteps      | 33152        |
| train/                  |              |
|    approx_kl            | 0.0008253413 |
|    clip_fraction        | 0.00625      |
|    clip_range           | 0.2          |
|    entropy_loss         | -0.105       |
|    explained_variance   | -0.268       |
|    learning_rate        | 0.0003       |
|    loss                 | 0.0433       |
|    n_updates            | 2580         |
|    policy_gradient_loss | -0.00502     |
|    value_loss           | 0.202        |
------------------------------------------
-------------------------------------------
| rollout/                |               |
|    ep_len_mean          | 30.3          |
|    ep_rew_mean          | -2.78         |
| time/                   |               |
|    fps                  | 1             |
|    iterations           | 260           |
|    time_elapsed         | 19400         |
|    total_timesteps      | 33280         |
| train/                  |               |
|    approx_kl            | 0.00042804983 |
|    clip_fraction        | 0.00156       |
|    clip_range           | 0.2           |
|    entropy_loss         | -0.0886       |
|    explained_variance   | 0.141         |
|    learning_rate        | 0.0003        |
|    loss                 | 0.0218        |
|    n_updates            | 2590          |
|    policy_gradient_loss | -0.00123      |
|    value_loss           | 0.183         |
-------------------------------------------
-------------------------------------------
| rollout/                |               |
|    ep_len_mean          | 31.9          |
|    ep_rew_mean          | -2.78         |
| time/                   |               |
|    fps                  | 1             |
|    iterations           | 261           |
|    time_elapsed         | 19405         |
|    total_timesteps      | 33408         |
| train/                  |               |
|    approx_kl            | 2.5285408e-07 |
|    clip_fraction        | 0             |
|    clip_range           | 0.2           |
|    entropy_loss         | -0.0836       |
|    explained_variance   | 0.347         |
|    learning_rate        | 0.0003        |
|    loss                 | 0.0574        |
|    n_updates            | 2600          |
|    policy_gradient_loss | -0.0001       |
|    value_loss           | 0.128         |
-------------------------------------------
------------------------------------------
| rollout/                |              |
|    ep_len_mean          | 32.6         |
|    ep_rew_mean          | -2.86        |
| time/                   |              |
|    fps                  | 1            |
|    iterations           | 262          |
|    time_elapsed         | 19410        |
|    total_timesteps      | 33536        |
| train/                  |              |
|    approx_kl            | 4.163012e-07 |
|    clip_fraction        | 0            |
|    clip_range           | 0.2          |
|    entropy_loss         | -0.0833      |
|    explained_variance   | 0.292        |
|    learning_rate        | 0.0003       |
|    loss                 | 0.113        |
|    n_updates            | 2610         |
|    policy_gradient_loss | -0.000227    |
|    value_loss           | 0.353        |
------------------------------------------
-------------------------------------------
| rollout/                |               |
|    ep_len_mean          | 34.6          |
|    ep_rew_mean          | -2.97         |
| time/                   |               |
|    fps                  | 1             |
|    iterations           | 263           |
|    time_elapsed         | 19425         |
|    total_timesteps      | 33664         |
| train/                  |               |
|    approx_kl            | 3.8184226e-07 |
|    clip_fraction        | 0             |
|    clip_range           | 0.2           |
|    entropy_loss         | -0.0864       |
|    explained_variance   | -0.0168       |
|    learning_rate        | 0.0003        |
|    loss                 | 0.0629        |
|    n_updates            | 2620          |
|    policy_gradient_loss | -6.36e-05     |
|    value_loss           | 0.109         |
-------------------------------------------
-----------------------------------------
| rollout/                |             |
|    ep_len_mean          | 35.4        |
|    ep_rew_mean          | -2.89       |
| time/                   |             |
|    fps                  | 1           |
|    iterations           | 264         |
|    time_elapsed         | 19440       |
|    total_timesteps      | 33792       |
| train/                  |             |
|    approx_kl            | 0.004007945 |
|    clip_fraction        | 0.0164      |
|    clip_range           | 0.2         |
|    entropy_loss         | -0.165      |
|    explained_variance   | -0.628      |
|    learning_rate        | 0.0003      |
|    loss                 | 0.0413      |
|    n_updates            | 2630        |
|    policy_gradient_loss | -0.00874    |
|    value_loss           | 0.411       |
-----------------------------------------
-----------------------------------------
| rollout/                |             |
|    ep_len_mean          | 36.1        |
|    ep_rew_mean          | -2.89       |
| time/                   |             |
|    fps                  | 1           |
|    iterations           | 265         |
|    time_elapsed         | 19443       |
|    total_timesteps      | 33920       |
| train/                  |             |
|    approx_kl            | 0.008100368 |
|    clip_fraction        | 0.0133      |
|    clip_range           | 0.2         |
|    entropy_loss         | -0.096      |
|    explained_variance   | 0.393       |
|    learning_rate        | 0.0003      |
|    loss                 | 0.0523      |
|    n_updates            | 2640        |
|    policy_gradient_loss | -0.00489    |
|    value_loss           | 0.442       |
-----------------------------------------
[eval @ 34000] mean_return=-4.91 cleared=0/4  L5:0/2 L6:0/2
------------------------------------------
| eval/                   |              |
|    cleared_rate         | 0            |
|    level_5/clear_rate   | 0            |
|    level_5/mean_return  | -4.98        |
|    level_6/clear_rate   | 0            |
|    level_6/mean_return  | -4.85        |
|    mean_return          | -4.91        |
| rollout/                |              |
|    ep_len_mean          | 37.5         |
|    ep_rew_mean          | -2.89        |
| time/                   |              |
|    fps                  | 1            |
|    iterations           | 266          |
|    time_elapsed         | 19458        |
|    total_timesteps      | 34048        |
| train/                  |              |
|    approx_kl            | 0.0009259032 |
|    clip_fraction        | 0.00703      |
|    clip_range           | 0.2          |
|    entropy_loss         | -0.0902      |
|    explained_variance   | 0.806        |
|    learning_rate        | 0.0003       |
|    loss                 | 0.0579       |
|    n_updates            | 2650         |
|    policy_gradient_loss | -0.0017      |
|    value_loss           | 0.135        |
------------------------------------------
----------------------------------------
| rollout/                |            |
|    ep_len_mean          | 38.3       |
|    ep_rew_mean          | -2.89      |
| time/                   |            |
|    fps                  | 1          |
|    iterations           | 267        |
|    time_elapsed         | 19473      |
|    total_timesteps      | 34176      |
| train/                  |            |
|    approx_kl            | 0.17685965 |
|    clip_fraction        | 0.0602     |
|    clip_range           | 0.2        |
|    entropy_loss         | -0.242     |
|    explained_variance   | -0.489     |
|    learning_rate        | 0.0003     |
|    loss                 | -0.0397    |
|    n_updates            | 2660       |
|    policy_gradient_loss | -0.0273    |
|    value_loss           | 0.171      |
----------------------------------------
----------------------------------------
| rollout/                |            |
|    ep_len_mean          | 38.9       |
|    ep_rew_mean          | -2.89      |
| time/                   |            |
|    fps                  | 1          |
|    iterations           | 268        |
|    time_elapsed         | 19481      |
|    total_timesteps      | 34304      |
| train/                  |            |
|    approx_kl            | 0.02707937 |
|    clip_fraction        | 0.0695     |
|    clip_range           | 0.2        |
|    entropy_loss         | -0.275     |
|    explained_variance   | 0.252      |
|    learning_rate        | 0.0003     |
|    loss                 | 0.142      |
|    n_updates            | 2670       |
|    policy_gradient_loss | -0.0279    |
|    value_loss           | 0.383      |
----------------------------------------
-------------------------------------------
| rollout/                |               |
|    ep_len_mean          | 40.7          |
|    ep_rew_mean          | -2.97         |
| time/                   |               |
|    fps                  | 1             |
|    iterations           | 269           |
|    time_elapsed         | 19485         |
|    total_timesteps      | 34432         |
| train/                  |               |
|    approx_kl            | 0.00027293107 |
|    clip_fraction        | 0.00469       |
|    clip_range           | 0.2           |
|    entropy_loss         | -0.0857       |
|    explained_variance   | -1.91         |
|    learning_rate        | 0.0003        |
|    loss                 | 0.142         |
|    n_updates            | 2680          |
|    policy_gradient_loss | -0.00156      |
|    value_loss           | 0.585         |
-------------------------------------------
-------------------------------------------
| rollout/                |               |
|    ep_len_mean          | 41.3          |
|    ep_rew_mean          | -2.97         |
| time/                   |               |
|    fps                  | 1             |
|    iterations           | 270           |
|    time_elapsed         | 19498         |
|    total_timesteps      | 34560         |
| train/                  |               |
|    approx_kl            | 1.6060658e-06 |
|    clip_fraction        | 0             |
|    clip_range           | 0.2           |
|    entropy_loss         | -0.0773       |
|    explained_variance   | -0.0641       |
|    learning_rate        | 0.0003        |
|    loss                 | 0.0925        |
|    n_updates            | 2690          |
|    policy_gradient_loss | -0.00026      |
|    value_loss           | 0.253         |
-------------------------------------------
-----------------------------------------
| rollout/                |             |
|    ep_len_mean          | 42.2        |
|    ep_rew_mean          | -2.96       |
| time/                   |             |
|    fps                  | 1           |
|    iterations           | 271         |
|    time_elapsed         | 19517       |
|    total_timesteps      | 34688       |
| train/                  |             |
|    approx_kl            | 0.010608653 |
|    clip_fraction        | 0.0164      |
|    clip_range           | 0.2         |
|    entropy_loss         | -0.164      |
|    explained_variance   | 0.176       |
|    learning_rate        | 0.0003      |
|    loss                 | -0.00615    |
|    n_updates            | 2700        |
|    policy_gradient_loss | -0.00992    |
|    value_loss           | 0.216       |
-----------------------------------------
-----------------------------------------
| rollout/                |             |
|    ep_len_mean          | 43          |
|    ep_rew_mean          | -2.96       |
| time/                   |             |
|    fps                  | 1           |
|    iterations           | 272         |
|    time_elapsed         | 19525       |
|    total_timesteps      | 34816       |
| train/                  |             |
|    approx_kl            | 0.028546754 |
|    clip_fraction        | 0.0867      |
|    clip_range           | 0.2         |
|    entropy_loss         | -0.274      |
|    explained_variance   | -1.09       |
|    learning_rate        | 0.0003      |
|    loss                 | 0.143       |
|    n_updates            | 2710        |
|    policy_gradient_loss | -0.0355     |
|    value_loss           | 0.455       |
-----------------------------------------
------------------------------------------
| rollout/                |              |
|    ep_len_mean          | 43.4         |
|    ep_rew_mean          | -3.03        |
| time/                   |              |
|    fps                  | 1            |
|    iterations           | 273          |
|    time_elapsed         | 19557        |
|    total_timesteps      | 34944        |
| train/                  |              |
|    approx_kl            | 0.0015240521 |
|    clip_fraction        | 0.018        |
|    clip_range           | 0.2          |
|    entropy_loss         | -0.139       |
|    explained_variance   | -0.14        |
|    learning_rate        | 0.0003       |
|    loss                 | 0.0795       |
|    n_updates            | 2720         |
|    policy_gradient_loss | -0.00815     |
|    value_loss           | 0.135        |
------------------------------------------
-----------------------------------------
| rollout/                |             |
|    ep_len_mean          | 43.9        |
|    ep_rew_mean          | -3.03       |
| time/                   |             |
|    fps                  | 1           |
|    iterations           | 274         |
|    time_elapsed         | 19576       |
|    total_timesteps      | 35072       |
| train/                  |             |
|    approx_kl            | 0.010774218 |
|    clip_fraction        | 0.0344      |
|    clip_range           | 0.2         |
|    entropy_loss         | -0.269      |
|    explained_variance   | -0.066      |
|    learning_rate        | 0.0003      |
|    loss                 | 0.529       |
|    n_updates            | 2730        |
|    policy_gradient_loss | -0.00917    |
|    value_loss           | 1.68        |
-----------------------------------------
------------------------------------------
| rollout/                |              |
|    ep_len_mean          | 44.1         |
|    ep_rew_mean          | -2.73        |
| time/                   |              |
|    fps                  | 1            |
|    iterations           | 275          |
|    time_elapsed         | 19602        |
|    total_timesteps      | 35200        |
| train/                  |              |
|    approx_kl            | 0.0044341697 |
|    clip_fraction        | 0.0219       |
|    clip_range           | 0.2          |
|    entropy_loss         | -0.257       |
|    explained_variance   | 0.346        |
|    learning_rate        | 0.0003       |
|    loss                 | 0.0211       |
|    n_updates            | 2740         |
|    policy_gradient_loss | -0.0285      |
|    value_loss           | 0.26         |
------------------------------------------
-----------------------------------------
| rollout/                |             |
|    ep_len_mean          | 44.3        |
|    ep_rew_mean          | -2.81       |
| time/                   |             |
|    fps                  | 1           |
|    iterations           | 276         |
|    time_elapsed         | 19624       |
|    total_timesteps      | 35328       |
| train/                  |             |
|    approx_kl            | 0.004908087 |
|    clip_fraction        | 0.0305      |
|    clip_range           | 0.2         |
|    entropy_loss         | -0.255      |
|    explained_variance   | 0.174       |
|    learning_rate        | 0.0003      |
|    loss                 | 2.69        |
|    n_updates            | 2750        |
|    policy_gradient_loss | -0.000188   |
|    value_loss           | 8.32        |
-----------------------------------------
-----------------------------------------
| rollout/                |             |
|    ep_len_mean          | 45.4        |
|    ep_rew_mean          | -2.81       |
| time/                   |             |
|    fps                  | 1           |
|    iterations           | 277         |
|    time_elapsed         | 19640       |
|    total_timesteps      | 35456       |
| train/                  |             |
|    approx_kl            | 0.004472671 |
|    clip_fraction        | 0.0312      |
|    clip_range           | 0.2         |
|    entropy_loss         | -0.236      |
|    explained_variance   | 0.565       |
|    learning_rate        | 0.0003      |
|    loss                 | 0.18        |
|    n_updates            | 2760        |
|    policy_gradient_loss | -0.00961    |
|    value_loss           | 0.784       |
-----------------------------------------
-----------------------------------------
| rollout/                |             |
|    ep_len_mean          | 45.6        |
|    ep_rew_mean          | -2.92       |
| time/                   |             |
|    fps                  | 1           |
|    iterations           | 278         |
|    time_elapsed         | 19668       |
|    total_timesteps      | 35584       |
| train/                  |             |
|    approx_kl            | 0.049623527 |
|    clip_fraction        | 0.128       |
|    clip_range           | 0.2         |
|    entropy_loss         | -0.324      |
|    explained_variance   | 0.688       |
|    learning_rate        | 0.0003      |
|    loss                 | -0.0318     |
|    n_updates            | 2770        |
|    policy_gradient_loss | -0.0418     |
|    value_loss           | 0.162       |
-----------------------------------------
-----------------------------------------
| rollout/                |             |
|    ep_len_mean          | 43.7        |
|    ep_rew_mean          | -2.86       |
| time/                   |             |
|    fps                  | 1           |
|    iterations           | 279         |
|    time_elapsed         | 19709       |
|    total_timesteps      | 35712       |
| train/                  |             |
|    approx_kl            | 0.018035114 |
|    clip_fraction        | 0.082       |
|    clip_range           | 0.2         |
|    entropy_loss         | -0.324      |
|    explained_variance   | 0.282       |
|    learning_rate        | 0.0003      |
|    loss                 | 0.0643      |
|    n_updates            | 2780        |
|    policy_gradient_loss | -0.0213     |
|    value_loss           | 0.56        |
-----------------------------------------
-----------------------------------------
| rollout/                |             |
|    ep_len_mean          | 43.1        |
|    ep_rew_mean          | -3.07       |
| time/                   |             |
|    fps                  | 1           |
|    iterations           | 280         |
|    time_elapsed         | 19747       |
|    total_timesteps      | 35840       |
| train/                  |             |
|    approx_kl            | 0.016680824 |
|    clip_fraction        | 0.133       |
|    clip_range           | 0.2         |
|    entropy_loss         | -0.602      |
|    explained_variance   | 0.495       |
|    learning_rate        | 0.0003      |
|    loss                 | 1.23        |
|    n_updates            | 2790        |
|    policy_gradient_loss | -0.00395    |
|    value_loss           | 4.5         |
-----------------------------------------
-----------------------------------------
| rollout/                |             |
|    ep_len_mean          | 42          |
|    ep_rew_mean          | -3.13       |
| time/                   |             |
|    fps                  | 1           |
|    iterations           | 281         |
|    time_elapsed         | 19765       |
|    total_timesteps      | 35968       |
| train/                  |             |
|    approx_kl            | 0.032085486 |
|    clip_fraction        | 0.0938      |
|    clip_range           | 0.2         |
|    entropy_loss         | -0.4        |
|    explained_variance   | -0.316      |
|    learning_rate        | 0.0003      |
|    loss                 | 0.998       |
|    n_updates            | 2800        |
|    policy_gradient_loss | -0.0249     |
|    value_loss           | 3.47        |
-----------------------------------------
[eval @ 36000] mean_return=-4.67 cleared=0/4  L5:0/2 L6:0/2
-----------------------------------------
| eval/                   |             |
|    cleared_rate         | 0           |
|    level_5/clear_rate   | 0           |
|    level_5/mean_return  | -5          |
|    level_6/clear_rate   | 0           |
|    level_6/mean_return  | -4.35       |
|    mean_return          | -4.67       |
| rollout/                |             |
|    ep_len_mean          | 37.9        |
|    ep_rew_mean          | -3.26       |
| time/                   |             |
|    fps                  | 1           |
|    iterations           | 282         |
|    time_elapsed         | 19817       |
|    total_timesteps      | 36096       |
| train/                  |             |
|    approx_kl            | 0.012725605 |
|    clip_fraction        | 0.0656      |
|    clip_range           | 0.2         |
|    entropy_loss         | -0.283      |
|    explained_variance   | -2.28       |
|    learning_rate        | 0.0003      |
|    loss                 | 0.249       |
|    n_updates            | 2810        |
|    policy_gradient_loss | -0.0326     |
|    value_loss           | 0.834       |
-----------------------------------------
----------------------------------------
| rollout/                |            |
|    ep_len_mean          | 38.5       |
|    ep_rew_mean          | -3.4       |
| time/                   |            |
|    fps                  | 1          |
|    iterations           | 283        |
|    time_elapsed         | 19836      |
|    total_timesteps      | 36224      |
| train/                  |            |
|    approx_kl            | 0.07480264 |
|    clip_fraction        | 0.155      |
|    clip_range           | 0.2        |
|    entropy_loss         | -0.405     |
|    explained_variance   | 0.449      |
|    learning_rate        | 0.0003     |
|    loss                 | 0.0345     |
|    n_updates            | 2820       |
|    policy_gradient_loss | -0.0228    |
|    value_loss           | 0.545      |
----------------------------------------
-----------------------------------------
| rollout/                |             |
|    ep_len_mean          | 37.5        |
|    ep_rew_mean          | -3.32       |
| time/                   |             |
|    fps                  | 1           |
|    iterations           | 284         |
|    time_elapsed         | 19868       |
|    total_timesteps      | 36352       |
| train/                  |             |
|    approx_kl            | 0.006871153 |
|    clip_fraction        | 0.0297      |
|    clip_range           | 0.2         |
|    entropy_loss         | -0.283      |
|    explained_variance   | 0.0371      |
|    learning_rate        | 0.0003      |
|    loss                 | 0.0883      |
|    n_updates            | 2830        |
|    policy_gradient_loss | -0.0121     |
|    value_loss           | 0.323       |
-----------------------------------------
-----------------------------------------
| rollout/                |             |
|    ep_len_mean          | 31.1        |
|    ep_rew_mean          | -3.13       |
| time/                   |             |
|    fps                  | 1           |
|    iterations           | 285         |
|    time_elapsed         | 19910       |
|    total_timesteps      | 36480       |
| train/                  |             |
|    approx_kl            | 0.021287259 |
|    clip_fraction        | 0.189       |
|    clip_range           | 0.2         |
|    entropy_loss         | -0.925      |
|    explained_variance   | 0.307       |
|    learning_rate        | 0.0003      |
|    loss                 | 0.0748      |
|    n_updates            | 2840        |
|    policy_gradient_loss | -0.0245     |
|    value_loss           | 0.551       |
-----------------------------------------
-----------------------------------------
| rollout/                |             |
|    ep_len_mean          | 28.9        |
|    ep_rew_mean          | -3.29       |
| time/                   |             |
|    fps                  | 1           |
|    iterations           | 286         |
|    time_elapsed         | 19943       |
|    total_timesteps      | 36608       |
| train/                  |             |
|    approx_kl            | 0.016249154 |
|    clip_fraction        | 0.138       |
|    clip_range           | 0.2         |
|    entropy_loss         | -0.765      |
|    explained_variance   | 0.137       |
|    learning_rate        | 0.0003      |
|    loss                 | 3.22        |
|    n_updates            | 2850        |
|    policy_gradient_loss | -0.0246     |
|    value_loss           | 4.89        |
-----------------------------------------
-----------------------------------------
| rollout/                |             |
|    ep_len_mean          | 25.8        |
|    ep_rew_mean          | -3.29       |
| time/                   |             |
|    fps                  | 1           |
|    iterations           | 287         |
|    time_elapsed         | 19972       |
|    total_timesteps      | 36736       |
| train/                  |             |
|    approx_kl            | 0.066536896 |
|    clip_fraction        | 0.184       |
|    clip_range           | 0.2         |
|    entropy_loss         | -0.475      |
|    explained_variance   | 0.0383      |
|    learning_rate        | 0.0003      |
|    loss                 | 0.0883      |
|    n_updates            | 2860        |
|    policy_gradient_loss | -0.0492     |
|    value_loss           | 0.393       |
-----------------------------------------
-----------------------------------------
| rollout/                |             |
|    ep_len_mean          | 20.2        |
|    ep_rew_mean          | -3.23       |
| time/                   |             |
|    fps                  | 1           |
|    iterations           | 288         |
|    time_elapsed         | 19994       |
|    total_timesteps      | 36864       |
| train/                  |             |
|    approx_kl            | 0.014496326 |
|    clip_fraction        | 0.0328      |
|    clip_range           | 0.2         |
|    entropy_loss         | -0.145      |
|    explained_variance   | -1.1        |
|    learning_rate        | 0.0003      |
|    loss                 | 0.114       |
|    n_updates            | 2870        |
|    policy_gradient_loss | -0.00921    |
|    value_loss           | 0.312       |
-----------------------------------------
-----------------------------------------
| rollout/                |             |
|    ep_len_mean          | 20.3        |
|    ep_rew_mean          | -3.23       |
| time/                   |             |
|    fps                  | 1           |
|    iterations           | 289         |
|    time_elapsed         | 20035       |
|    total_timesteps      | 36992       |
| train/                  |             |
|    approx_kl            | 0.011223763 |
|    clip_fraction        | 0.0617      |
|    clip_range           | 0.2         |
|    entropy_loss         | -0.261      |
|    explained_variance   | 0.0248      |
|    learning_rate        | 0.0003      |
|    loss                 | 0.349       |
|    n_updates            | 2880        |
|    policy_gradient_loss | -0.0162     |
|    value_loss           | 0.539       |
-----------------------------------------
---------------------------------------
| rollout/                |           |
|    ep_len_mean          | 19.6      |
|    ep_rew_mean          | -3.31     |
| time/                   |           |
|    fps                  | 1         |
|    iterations           | 290       |
|    time_elapsed         | 20057     |
|    total_timesteps      | 37120     |
| train/                  |           |
|    approx_kl            | 0.1024404 |
|    clip_fraction        | 0.248     |
|    clip_range           | 0.2       |
|    entropy_loss         | -0.903    |
|    explained_variance   | -0.00565  |
|    learning_rate        | 0.0003    |
|    loss                 | 0.286     |
|    n_updates            | 2890      |
|    policy_gradient_loss | -0.04     |
|    value_loss           | 0.535     |
---------------------------------------
----------------------------------------
| rollout/                |            |
|    ep_len_mean          | 20.6       |
|    ep_rew_mean          | -3.53      |
| time/                   |            |
|    fps                  | 1          |
|    iterations           | 291        |
|    time_elapsed         | 20092      |
|    total_timesteps      | 37248      |
| train/                  |            |
|    approx_kl            | 0.14219221 |
|    clip_fraction        | 0.184      |
|    clip_range           | 0.2        |
|    entropy_loss         | -0.895     |
|    explained_variance   | 0.466      |
|    learning_rate        | 0.0003     |
|    loss                 | 0.159      |
|    n_updates            | 2900       |
|    policy_gradient_loss | -0.0317    |
|    value_loss           | 0.298      |
----------------------------------------
----------------------------------------
| rollout/                |            |
|    ep_len_mean          | 21.6       |
|    ep_rew_mean          | -3.53      |
| time/                   |            |
|    fps                  | 1          |
|    iterations           | 292        |
|    time_elapsed         | 20111      |
|    total_timesteps      | 37376      |
| train/                  |            |
|    approx_kl            | 0.03917292 |
|    clip_fraction        | 0.177      |
|    clip_range           | 0.2        |
|    entropy_loss         | -1.12      |
|    explained_variance   | -0.392     |
|    learning_rate        | 0.0003     |
|    loss                 | 0.0309     |
|    n_updates            | 2910       |
|    policy_gradient_loss | -0.0401    |
|    value_loss           | 0.76       |
----------------------------------------
-----------------------------------------
| rollout/                |             |
|    ep_len_mean          | 22          |
|    ep_rew_mean          | -3.53       |
| time/                   |             |
|    fps                  | 1           |
|    iterations           | 293         |
|    time_elapsed         | 20123       |
|    total_timesteps      | 37504       |
| train/                  |             |
|    approx_kl            | 0.014235705 |
|    clip_fraction        | 0.0375      |
|    clip_range           | 0.2         |
|    entropy_loss         | -0.152      |
|    explained_variance   | 0.0298      |
|    learning_rate        | 0.0003      |
|    loss                 | 0.293       |
|    n_updates            | 2920        |
|    policy_gradient_loss | -0.0085     |
|    value_loss           | 0.476       |
-----------------------------------------
------------------------------------------
| rollout/                |              |
|    ep_len_mean          | 20.7         |
|    ep_rew_mean          | -3.45        |
| time/                   |              |
|    fps                  | 1            |
|    iterations           | 294          |
|    time_elapsed         | 20144        |
|    total_timesteps      | 37632        |
| train/                  |              |
|    approx_kl            | 0.0007538269 |
|    clip_fraction        | 0.00859      |
|    clip_range           | 0.2          |
|    entropy_loss         | -0.0934      |
|    explained_variance   | 0.384        |
|    learning_rate        | 0.0003       |
|    loss                 | 0.0217       |
|    n_updates            | 2930         |
|    policy_gradient_loss | -0.00588     |
|    value_loss           | 0.119        |
------------------------------------------
-----------------------------------------
| rollout/                |             |
|    ep_len_mean          | 21.1        |
|    ep_rew_mean          | -3.45       |
| time/                   |             |
|    fps                  | 1           |
|    iterations           | 295         |
|    time_elapsed         | 20156       |
|    total_timesteps      | 37760       |
| train/                  |             |
|    approx_kl            | 0.030224696 |
|    clip_fraction        | 0.0391      |
|    clip_range           | 0.2         |
|    entropy_loss         | -0.132      |
|    explained_variance   | 0.0503      |
|    learning_rate        | 0.0003      |
|    loss                 | 0.504       |
|    n_updates            | 2940        |
|    policy_gradient_loss | -0.014      |
|    value_loss           | 0.841       |
-----------------------------------------
------------------------------------------
| rollout/                |              |
|    ep_len_mean          | 22.1         |
|    ep_rew_mean          | -3.56        |
| time/                   |              |
|    fps                  | 1            |
|    iterations           | 296          |
|    time_elapsed         | 20178        |
|    total_timesteps      | 37888        |
| train/                  |              |
|    approx_kl            | 0.0010825549 |
|    clip_fraction        | 0.0125       |
|    clip_range           | 0.2          |
|    entropy_loss         | -0.193       |
|    explained_variance   | 0.513        |
|    learning_rate        | 0.0003       |
|    loss                 | 0.199        |
|    n_updates            | 2950         |
|    policy_gradient_loss | -0.00269     |
|    value_loss           | 0.324        |
------------------------------------------
[eval @ 38000] mean_return=-4.96 cleared=0/4  L5:0/2 L6:0/2
----------------------------------------
| eval/                   |            |
|    cleared_rate         | 0          |
|    level_5/clear_rate   | 0          |
|    level_5/mean_return  | -4.98      |
|    level_6/clear_rate   | 0          |
|    level_6/mean_return  | -4.93      |
|    mean_return          | -4.96      |
| rollout/                |            |
|    ep_len_mean          | 23.4       |
|    ep_rew_mean          | -3.63      |
| time/                   |            |
|    fps                  | 1          |
|    iterations           | 297        |
|    time_elapsed         | 20198      |
|    total_timesteps      | 38016      |
| train/                  |            |
|    approx_kl            | 0.03763012 |
|    clip_fraction        | 0.0539     |
|    clip_range           | 0.2        |
|    entropy_loss         | -0.225     |
|    explained_variance   | 0.371      |
|    learning_rate        | 0.0003     |
|    loss                 | 0.0446     |
|    n_updates            | 2960       |
|    policy_gradient_loss | -0.0158    |
|    value_loss           | 0.208      |
----------------------------------------
----------------------------------------
| rollout/                |            |
|    ep_len_mean          | 23.5       |
|    ep_rew_mean          | -3.63      |
| time/                   |            |
|    fps                  | 1          |
|    iterations           | 298        |
|    time_elapsed         | 20210      |
|    total_timesteps      | 38144      |
| train/                  |            |
|    approx_kl            | 0.24543335 |
|    clip_fraction        | 0.182      |
|    clip_range           | 0.2        |
|    entropy_loss         | -0.628     |
|    explained_variance   | 0.727      |
|    learning_rate        | 0.0003     |
|    loss                 | -0.0399    |
|    n_updates            | 2970       |
|    policy_gradient_loss | -0.0407    |
|    value_loss           | 0.0744     |
----------------------------------------
-----------------------------------------
| rollout/                |             |
|    ep_len_mean          | 25.4        |
|    ep_rew_mean          | -3.71       |
| time/                   |             |
|    fps                  | 1           |
|    iterations           | 299         |
|    time_elapsed         | 20215       |
|    total_timesteps      | 38272       |
| train/                  |             |
|    approx_kl            | 0.013545957 |
|    clip_fraction        | 0.0273      |
|    clip_range           | 0.2         |
|    entropy_loss         | -0.124      |
|    explained_variance   | -0.525      |
|    learning_rate        | 0.0003      |
|    loss                 | 0.0306      |
|    n_updates            | 2980        |
|    policy_gradient_loss | -0.013      |
|    value_loss           | 0.174       |
-----------------------------------------
--------------------------------------------
| rollout/                |                |
|    ep_len_mean          | 25.5           |
|    ep_rew_mean          | -3.56          |
| time/                   |                |
|    fps                  | 1              |
|    iterations           | 300            |
|    time_elapsed         | 20231          |
|    total_timesteps      | 38400          |
| train/                  |                |
|    approx_kl            | 1.38902105e-05 |
|    clip_fraction        | 0              |
|    clip_range           | 0.2            |
|    entropy_loss         | -0.0446        |
|    explained_variance   | -0.0886        |
|    learning_rate        | 0.0003         |
|    loss                 | 0.167          |
|    n_updates            | 2990           |
|    policy_gradient_loss | -0.00139       |
|    value_loss           | 0.346          |
--------------------------------------------
------------------------------------------
| rollout/                |              |
|    ep_len_mean          | 26.8         |
|    ep_rew_mean          | -3.71        |
| time/                   |              |
|    fps                  | 1            |
|    iterations           | 301          |
|    time_elapsed         | 20244        |
|    total_timesteps      | 38528        |
| train/                  |              |
|    approx_kl            | 0.0044702445 |
|    clip_fraction        | 0.018        |
|    clip_range           | 0.2          |
|    entropy_loss         | -0.22        |
|    explained_variance   | -0.0543      |
|    learning_rate        | 0.0003       |
|    loss                 | 1.85         |
|    n_updates            | 3000         |
|    policy_gradient_loss | -0.0216      |
|    value_loss           | 4.49         |
------------------------------------------
-----------------------------------------
| rollout/                |             |
|    ep_len_mean          | 27.8        |
|    ep_rew_mean          | -3.71       |
| time/                   |             |
|    fps                  | 1           |
|    iterations           | 302         |
|    time_elapsed         | 20261       |
|    total_timesteps      | 38656       |
| train/                  |             |
|    approx_kl            | 0.014025254 |
|    clip_fraction        | 0.0578      |
|    clip_range           | 0.2         |
|    entropy_loss         | -0.236      |
|    explained_variance   | 0.28        |
|    learning_rate        | 0.0003      |
|    loss                 | -0.0015     |
|    n_updates            | 3010        |
|    policy_gradient_loss | -0.0233     |
|    value_loss           | 0.271       |
-----------------------------------------
-----------------------------------------
| rollout/                |             |
|    ep_len_mean          | 27.8        |
|    ep_rew_mean          | -3.71       |
| time/                   |             |
|    fps                  | 1           |
|    iterations           | 303         |
|    time_elapsed         | 20289       |
|    total_timesteps      | 38784       |
| train/                  |             |
|    approx_kl            | 0.006019876 |
|    clip_fraction        | 0.0227      |
|    clip_range           | 0.2         |
|    entropy_loss         | -0.233      |
|    explained_variance   | 0.542       |
|    learning_rate        | 0.0003      |
|    loss                 | 0.0661      |
|    n_updates            | 3020        |
|    policy_gradient_loss | -0.00498    |
|    value_loss           | 0.194       |
-----------------------------------------
----------------------------------------
| rollout/                |            |
|    ep_len_mean          | 28.6       |
|    ep_rew_mean          | -3.79      |
| time/                   |            |
|    fps                  | 1          |
|    iterations           | 304        |
|    time_elapsed         | 20303      |
|    total_timesteps      | 38912      |
| train/                  |            |
|    approx_kl            | 0.04804981 |
|    clip_fraction        | 0.129      |
|    clip_range           | 0.2        |
|    entropy_loss         | -0.774     |
|    explained_variance   | -1.02      |
|    learning_rate        | 0.0003     |
|    loss                 | 0.147      |
|    n_updates            | 3030       |
|    policy_gradient_loss | -0.0264    |
|    value_loss           | 1.86       |
----------------------------------------
-----------------------------------------
| rollout/                |             |
|    ep_len_mean          | 29.4        |
|    ep_rew_mean          | -3.79       |
| time/                   |             |
|    fps                  | 1           |
|    iterations           | 305         |
|    time_elapsed         | 20307       |
|    total_timesteps      | 39040       |
| train/                  |             |
|    approx_kl            | 0.013113197 |
|    clip_fraction        | 0.0258      |
|    clip_range           | 0.2         |
|    entropy_loss         | -0.111      |
|    explained_variance   | 0.16        |
|    learning_rate        | 0.0003      |
|    loss                 | 0.0278      |
|    n_updates            | 3040        |
|    policy_gradient_loss | -0.00882    |
|    value_loss           | 0.145       |
-----------------------------------------
-----------------------------------------
| rollout/                |             |
|    ep_len_mean          | 29.4        |
|    ep_rew_mean          | -3.79       |
| time/                   |             |
|    fps                  | 1           |
|    iterations           | 306         |
|    time_elapsed         | 20315       |
|    total_timesteps      | 39168       |
| train/                  |             |
|    approx_kl            | 0.005309756 |
|    clip_fraction        | 0.0242      |
|    clip_range           | 0.2         |
|    entropy_loss         | -0.16       |
|    explained_variance   | -0.336      |
|    learning_rate        | 0.0003      |
|    loss                 | -0.03       |
|    n_updates            | 3050        |
|    policy_gradient_loss | -0.0247     |
|    value_loss           | 0.196       |
-----------------------------------------
-----------------------------------------
| rollout/                |             |
|    ep_len_mean          | 29.4        |
|    ep_rew_mean          | -3.79       |
| time/                   |             |
|    fps                  | 1           |
|    iterations           | 307         |
|    time_elapsed         | 20329       |
|    total_timesteps      | 39296       |
| train/                  |             |
|    approx_kl            | 0.001780788 |
|    clip_fraction        | 0.00547     |
|    clip_range           | 0.2         |
|    entropy_loss         | -0.0475     |
|    explained_variance   | -0.732      |
|    learning_rate        | 0.0003      |
|    loss                 | 0.0412      |
|    n_updates            | 3060        |
|    policy_gradient_loss | -0.00107    |
|    value_loss           | 0.15        |
-----------------------------------------
-------------------------------------------
| rollout/                |               |
|    ep_len_mean          | 29.4          |
|    ep_rew_mean          | -3.79         |
| time/                   |               |
|    fps                  | 1             |
|    iterations           | 308           |
|    time_elapsed         | 20346         |
|    total_timesteps      | 39424         |
| train/                  |               |
|    approx_kl            | 0.00067794975 |
|    clip_fraction        | 0.00234       |
|    clip_range           | 0.2           |
|    entropy_loss         | -0.0615       |
|    explained_variance   | -0.0116       |
|    learning_rate        | 0.0003        |
|    loss                 | 0.00551       |
|    n_updates            | 3070          |
|    policy_gradient_loss | 4.57e-05      |
|    value_loss           | 0.0227        |
-------------------------------------------
-------------------------------------------
| rollout/                |               |
|    ep_len_mean          | 29.4          |
|    ep_rew_mean          | -3.79         |
| time/                   |               |
|    fps                  | 1             |
|    iterations           | 309           |
|    time_elapsed         | 20466         |
|    total_timesteps      | 39552         |
| train/                  |               |
|    approx_kl            | 0.00084250094 |
|    clip_fraction        | 0.00469       |
|    clip_range           | 0.2           |
|    entropy_loss         | -0.137        |
|    explained_variance   | 0             |
|    learning_rate        | 0.0003        |
|    loss                 | 0.00631       |
|    n_updates            | 3080          |
|    policy_gradient_loss | -0.000679     |
|    value_loss           | 0.0241        |
-------------------------------------------
-----------------------------------------
| rollout/                |             |
|    ep_len_mean          | 29.4        |
|    ep_rew_mean          | -3.79       |
| time/                   |             |
|    fps                  | 1           |
|    iterations           | 310         |
|    time_elapsed         | 20489       |
|    total_timesteps      | 39680       |
| train/                  |             |
|    approx_kl            | 0.005586352 |
|    clip_fraction        | 0.032       |
|    clip_range           | 0.2         |
|    entropy_loss         | -0.113      |
|    explained_variance   | -2.22       |
|    learning_rate        | 0.0003      |
|    loss                 | -0.0189     |
|    n_updates            | 3090        |
|    policy_gradient_loss | -0.0164     |
|    value_loss           | 0.0255      |
-----------------------------------------
-------------------------------------------
| rollout/                |               |
|    ep_len_mean          | 29.4          |
|    ep_rew_mean          | -3.79         |
| time/                   |               |
|    fps                  | 1             |
|    iterations           | 311           |
|    time_elapsed         | 20491         |
|    total_timesteps      | 39808         |
| train/                  |               |
|    approx_kl            | 1.0075513e-05 |
|    clip_fraction        | 0.00313       |
|    clip_range           | 0.2           |
|    entropy_loss         | -0.068        |
|    explained_variance   | -2.26e-06     |
|    learning_rate        | 0.0003        |
|    loss                 | 0.00332       |
|    n_updates            | 3100          |
|    policy_gradient_loss | 9.39e-06      |
|    value_loss           | 0.0167        |
-------------------------------------------
--------------------------------------
| rollout/                |          |
|    ep_len_mean          | 29.4     |
|    ep_rew_mean          | -3.79    |
| time/                   |          |
|    fps                  | 1        |
|    iterations           | 312      |
|    time_elapsed         | 20514    |
|    total_timesteps      | 39936    |
| train/                  |          |
|    approx_kl            | 0.0      |
|    clip_fraction        | 0        |
|    clip_range           | 0.2      |
|    entropy_loss         | -0.0647  |
|    explained_variance   | 0        |
|    learning_rate        | 0.0003   |
|    loss                 | 0.00168  |
|    n_updates            | 3110     |
|    policy_gradient_loss | 5.78e-08 |
|    value_loss           | 0.0118   |
--------------------------------------
[eval @ 40000] mean_return=-4.93 cleared=0/4  L5:0/2 L6:0/2
------------------------------------------
| eval/                   |              |
|    cleared_rate         | 0            |
|    level_5/clear_rate   | 0            |
|    level_5/mean_return  | -4.97        |
|    level_6/clear_rate   | 0            |
|    level_6/mean_return  | -4.88        |
|    mean_return          | -4.93        |
| rollout/                |              |
|    ep_len_mean          | 40.4         |
|    ep_rew_mean          | -3.75        |
| time/                   |              |
|    fps                  | 1            |
|    iterations           | 313          |
|    time_elapsed         | 20539        |
|    total_timesteps      | 40064        |
| train/                  |              |
|    approx_kl            | 0.0013805209 |
|    clip_fraction        | 0.00313      |
|    clip_range           | 0.2          |
|    entropy_loss         | -0.0724      |
|    explained_variance   | 0            |
|    learning_rate        | 0.0003       |
|    loss                 | 0.000851     |
|    n_updates            | 3120         |
|    policy_gradient_loss | -0.000514    |
|    value_loss           | 0.00853      |
------------------------------------------
------------------------------------------
| rollout/                |              |
|    ep_len_mean          | 41.3         |
|    ep_rew_mean          | -3.75        |
| time/                   |              |
|    fps                  | 1            |
|    iterations           | 314          |
|    time_elapsed         | 20546        |
|    total_timesteps      | 40192        |
| train/                  |              |
|    approx_kl            | 0.0070568766 |
|    clip_fraction        | 0.0609       |
|    clip_range           | 0.2          |
|    entropy_loss         | -0.235       |
|    explained_variance   | 0.38         |
|    learning_rate        | 0.0003       |
|    loss                 | 0.3          |
|    n_updates            | 3130         |
|    policy_gradient_loss | -0.0123      |
|    value_loss           | 1.15         |
------------------------------------------
----------------------------------------
| rollout/                |            |
|    ep_len_mean          | 40.7       |
|    ep_rew_mean          | -3.75      |
| time/                   |            |
|    fps                  | 1          |
|    iterations           | 315        |
|    time_elapsed         | 20569      |
|    total_timesteps      | 40320      |
| train/                  |            |
|    approx_kl            | 0.02176636 |
|    clip_fraction        | 0.0367     |
|    clip_range           | 0.2        |
|    entropy_loss         | -0.187     |
|    explained_variance   | 0.233      |
|    learning_rate        | 0.0003     |
|    loss                 | 0.0461     |
|    n_updates            | 3140       |
|    policy_gradient_loss | -0.0126    |
|    value_loss           | 0.328      |
----------------------------------------
----------------------------------------
| rollout/                |            |
|    ep_len_mean          | 41.7       |
|    ep_rew_mean          | -3.75      |
| time/                   |            |
|    fps                  | 1          |
|    iterations           | 316        |
|    time_elapsed         | 20574      |
|    total_timesteps      | 40448      |
| train/                  |            |
|    approx_kl            | 0.18805087 |
|    clip_fraction        | 0.186      |
|    clip_range           | 0.2        |
|    entropy_loss         | -0.874     |
|    explained_variance   | -0.961     |
|    learning_rate        | 0.0003     |
|    loss                 | -0.0328    |
|    n_updates            | 3150       |
|    policy_gradient_loss | -0.0498    |
|    value_loss           | 0.365      |
----------------------------------------
------------------------------------------
| rollout/                |              |
|    ep_len_mean          | 42.7         |
|    ep_rew_mean          | -3.75        |
| time/                   |              |
|    fps                  | 1            |
|    iterations           | 317          |
|    time_elapsed         | 20597        |
|    total_timesteps      | 40576        |
| train/                  |              |
|    approx_kl            | 0.0066596814 |
|    clip_fraction        | 0.0492       |
|    clip_range           | 0.2          |
|    entropy_loss         | -0.2         |
|    explained_variance   | 0.00135      |
|    learning_rate        | 0.0003       |
|    loss                 | 0.0163       |
|    n_updates            | 3160         |
|    policy_gradient_loss | -0.0166      |
|    value_loss           | 0.169        |
------------------------------------------
-----------------------------------------
| rollout/                |             |
|    ep_len_mean          | 44          |
|    ep_rew_mean          | -3.81       |
| time/                   |             |
|    fps                  | 1           |
|    iterations           | 318         |
|    time_elapsed         | 20617       |
|    total_timesteps      | 40704       |
| train/                  |             |
|    approx_kl            | 0.041946266 |
|    clip_fraction        | 0.14        |
|    clip_range           | 0.2         |
|    entropy_loss         | -0.691      |
|    explained_variance   | -0.0993     |
|    learning_rate        | 0.0003      |
|    loss                 | 0.0639      |
|    n_updates            | 3170        |
|    policy_gradient_loss | -0.045      |
|    value_loss           | 0.574       |
-----------------------------------------
-----------------------------------------
| rollout/                |             |
|    ep_len_mean          | 44.2        |
|    ep_rew_mean          | -3.78       |
| time/                   |             |
|    fps                  | 1           |
|    iterations           | 319         |
|    time_elapsed         | 20643       |
|    total_timesteps      | 40832       |
| train/                  |             |
|    approx_kl            | 0.009335749 |
|    clip_fraction        | 0.0203      |
|    clip_range           | 0.2         |
|    entropy_loss         | -0.222      |
|    explained_variance   | 0.231       |
|    learning_rate        | 0.0003      |
|    loss                 | 0.0265      |
|    n_updates            | 3180        |
|    policy_gradient_loss | -0.0134     |
|    value_loss           | 0.226       |
-----------------------------------------
-----------------------------------------
| rollout/                |             |
|    ep_len_mean          | 45.5        |
|    ep_rew_mean          | -3.89       |
| time/                   |             |
|    fps                  | 1           |
|    iterations           | 320         |
|    time_elapsed         | 20666       |
|    total_timesteps      | 40960       |
| train/                  |             |
|    approx_kl            | 0.027034184 |
|    clip_fraction        | 0.117       |
|    clip_range           | 0.2         |
|    entropy_loss         | -0.741      |
|    explained_variance   | -0.133      |
|    learning_rate        | 0.0003      |
|    loss                 | 0.629       |
|    n_updates            | 3190        |
|    policy_gradient_loss | -0.035      |
|    value_loss           | 2.31        |
-----------------------------------------
----------------------------------------
| rollout/                |            |
|    ep_len_mean          | 45.8       |
|    ep_rew_mean          | -3.88      |
| time/                   |            |
|    fps                  | 1          |
|    iterations           | 321        |
|    time_elapsed         | 20699      |
|    total_timesteps      | 41088      |
| train/                  |            |
|    approx_kl            | 0.05752123 |
|    clip_fraction        | 0.0602     |
|    clip_range           | 0.2        |
|    entropy_loss         | -0.241     |
|    explained_variance   | 0.308      |
|    learning_rate        | 0.0003     |
|    loss                 | 0.291      |
|    n_updates            | 3200       |
|    policy_gradient_loss | -0.0166    |
|    value_loss           | 0.526      |
----------------------------------------
---------------------------------------
| rollout/                |           |
|    ep_len_mean          | 46.5      |
|    ep_rew_mean          | -3.88     |
| time/                   |           |
|    fps                  | 1         |
|    iterations           | 322       |
|    time_elapsed         | 20716     |
|    total_timesteps      | 41216     |
| train/                  |           |
|    approx_kl            | 0.2505599 |
|    clip_fraction        | 0.273     |
|    clip_range           | 0.2       |
|    entropy_loss         | -1.15     |
|    explained_variance   | -0.38     |
|    learning_rate        | 0.0003    |
|    loss                 | 0.111     |
|    n_updates            | 3210      |
|    policy_gradient_loss | -0.0515   |
|    value_loss           | 0.772     |
---------------------------------------
-----------------------------------------
| rollout/                |             |
|    ep_len_mean          | 46.6        |
|    ep_rew_mean          | -3.87       |
| time/                   |             |
|    fps                  | 1           |
|    iterations           | 323         |
|    time_elapsed         | 20739       |
|    total_timesteps      | 41344       |
| train/                  |             |
|    approx_kl            | 0.040193185 |
|    clip_fraction        | 0.0484      |
|    clip_range           | 0.2         |
|    entropy_loss         | -0.272      |
|    explained_variance   | 0.155       |
|    learning_rate        | 0.0003      |
|    loss                 | 0.0323      |
|    n_updates            | 3220        |
|    policy_gradient_loss | -0.0257     |
|    value_loss           | 0.317       |
-----------------------------------------
----------------------------------------
| rollout/                |            |
|    ep_len_mean          | 47.6       |
|    ep_rew_mean          | -3.87      |
| time/                   |            |
|    fps                  | 1          |
|    iterations           | 324        |
|    time_elapsed         | 20761      |
|    total_timesteps      | 41472      |
| train/                  |            |
|    approx_kl            | 0.06826387 |
|    clip_fraction        | 0.118      |
|    clip_range           | 0.2        |
|    entropy_loss         | -0.65      |
|    explained_variance   | 0.461      |
|    learning_rate        | 0.0003     |
|    loss                 | -0.00818   |
|    n_updates            | 3230       |
|    policy_gradient_loss | -0.0404    |
|    value_loss           | 0.199      |
----------------------------------------
-----------------------------------------
| rollout/                |             |
|    ep_len_mean          | 48.5        |
|    ep_rew_mean          | -3.75       |
| time/                   |             |
|    fps                  | 2           |
|    iterations           | 325         |
|    time_elapsed         | 20785       |
|    total_timesteps      | 41600       |
| train/                  |             |
|    approx_kl            | 0.018924333 |
|    clip_fraction        | 0.0664      |
|    clip_range           | 0.2         |
|    entropy_loss         | -0.339      |
|    explained_variance   | 0.647       |
|    learning_rate        | 0.0003      |
|    loss                 | -0.0186     |
|    n_updates            | 3240        |
|    policy_gradient_loss | -0.0303     |
|    value_loss           | 0.16        |
-----------------------------------------
-----------------------------------------
| rollout/                |             |
|    ep_len_mean          | 49.1        |
|    ep_rew_mean          | -3.74       |
| time/                   |             |
|    fps                  | 2           |
|    iterations           | 326         |
|    time_elapsed         | 20806       |
|    total_timesteps      | 41728       |
| train/                  |             |
|    approx_kl            | 0.030777456 |
|    clip_fraction        | 0.0836      |
|    clip_range           | 0.2         |
|    entropy_loss         | -0.706      |
|    explained_variance   | -0.099      |
|    learning_rate        | 0.0003      |
|    loss                 | 1.59        |
|    n_updates            | 3250        |
|    policy_gradient_loss | -0.0282     |
|    value_loss           | 2.82        |
-----------------------------------------
-----------------------------------------
| rollout/                |             |
|    ep_len_mean          | 48.9        |
|    ep_rew_mean          | -3.76       |
| time/                   |             |
|    fps                  | 2           |
|    iterations           | 327         |
|    time_elapsed         | 20847       |
|    total_timesteps      | 41856       |
| train/                  |             |
|    approx_kl            | 0.035755135 |
|    clip_fraction        | 0.0492      |
|    clip_range           | 0.2         |
|    entropy_loss         | -0.221      |
|    explained_variance   | 0.609       |
|    learning_rate        | 0.0003      |
|    loss                 | -0.00276    |
|    n_updates            | 3260        |
|    policy_gradient_loss | -0.0241     |
|    value_loss           | 0.206       |
-----------------------------------------
----------------------------------------
| rollout/                |            |
|    ep_len_mean          | 49.6       |
|    ep_rew_mean          | -3.76      |
| time/                   |            |
|    fps                  | 2          |
|    iterations           | 328        |
|    time_elapsed         | 20866      |
|    total_timesteps      | 41984      |
| train/                  |            |
|    approx_kl            | 0.15296507 |
|    clip_fraction        | 0.291      |
|    clip_range           | 0.2        |
|    entropy_loss         | -1.94      |
|    explained_variance   | 0.3        |
|    learning_rate        | 0.0003     |
|    loss                 | 0.831      |
|    n_updates            | 3270       |
|    policy_gradient_loss | -0.0604    |
|    value_loss           | 2.77       |
----------------------------------------
[eval @ 42000] mean_return=-4.67 cleared=0/4  L5:0/2 L6:0/2
-----------------------------------------
| eval/                   |             |
|    cleared_rate         | 0           |
|    level_5/clear_rate   | 0           |
|    level_5/mean_return  | -4.95       |
|    level_6/clear_rate   | 0           |
|    level_6/mean_return  | -4.38       |
|    mean_return          | -4.67       |
| rollout/                |             |
|    ep_len_mean          | 49.6        |
|    ep_rew_mean          | -3.82       |
| time/                   |             |
|    fps                  | 2           |
|    iterations           | 329         |
|    time_elapsed         | 20912       |
|    total_timesteps      | 42112       |
| train/                  |             |
|    approx_kl            | 0.015909582 |
|    clip_fraction        | 0.0305      |
|    clip_range           | 0.2         |
|    entropy_loss         | -0.167      |
|    explained_variance   | 0.186       |
|    learning_rate        | 0.0003      |
|    loss                 | 0.0688      |
|    n_updates            | 3280        |
|    policy_gradient_loss | -0.0142     |
|    value_loss           | 0.227       |
-----------------------------------------
----------------------------------------
| rollout/                |            |
|    ep_len_mean          | 46.9       |
|    ep_rew_mean          | -3.78      |
| time/                   |            |
|    fps                  | 2          |
|    iterations           | 330        |
|    time_elapsed         | 20956      |
|    total_timesteps      | 42240      |
| train/                  |            |
|    approx_kl            | 0.15000078 |
|    clip_fraction        | 0.228      |
|    clip_range           | 0.2        |
|    entropy_loss         | -0.796     |
|    explained_variance   | -0.557     |
|    learning_rate        | 0.0003     |
|    loss                 | -0.00326   |
|    n_updates            | 3290       |
|    policy_gradient_loss | -0.0559    |
|    value_loss           | 0.278      |
----------------------------------------
----------------------------------------
| rollout/                |            |
|    ep_len_mean          | 46.7       |
|    ep_rew_mean          | -3.74      |
| time/                   |            |
|    fps                  | 2          |
|    iterations           | 331        |
|    time_elapsed         | 20984      |
|    total_timesteps      | 42368      |
| train/                  |            |
|    approx_kl            | 0.09612674 |
|    clip_fraction        | 0.264      |
|    clip_range           | 0.2        |
|    entropy_loss         | -0.963     |
|    explained_variance   | 0.0461     |
|    learning_rate        | 0.0003     |
|    loss                 | 0.645      |
|    n_updates            | 3300       |
|    policy_gradient_loss | -0.0325    |
|    value_loss           | 2.3        |
----------------------------------------
----------------------------------------
| rollout/                |            |
|    ep_len_mean          | 44.1       |
|    ep_rew_mean          | -3.62      |
| time/                   |            |
|    fps                  | 2          |
|    iterations           | 332        |
|    time_elapsed         | 21006      |
|    total_timesteps      | 42496      |
| train/                  |            |
|    approx_kl            | 0.20450562 |
|    clip_fraction        | 0.204      |
|    clip_range           | 0.2        |
|    entropy_loss         | -1.01      |
|    explained_variance   | 0.0661     |
|    learning_rate        | 0.0003     |
|    loss                 | 0.546      |
|    n_updates            | 3310       |
|    policy_gradient_loss | -0.0312    |
|    value_loss           | 1.51       |
----------------------------------------
----------------------------------------
| rollout/                |            |
|    ep_len_mean          | 41.8       |
|    ep_rew_mean          | -3.7       |
| time/                   |            |
|    fps                  | 2          |
|    iterations           | 333        |
|    time_elapsed         | 21032      |
|    total_timesteps      | 42624      |
| train/                  |            |
|    approx_kl            | 0.03355302 |
|    clip_fraction        | 0.139      |
|    clip_range           | 0.2        |
|    entropy_loss         | -1.04      |
|    explained_variance   | 0.0106     |
|    learning_rate        | 0.0003     |
|    loss                 | 1.96       |
|    n_updates            | 3320       |
|    policy_gradient_loss | -0.0465    |
|    value_loss           | 4.18       |
----------------------------------------
---------------------------------------
| rollout/                |           |
|    ep_len_mean          | 41.5      |
|    ep_rew_mean          | -3.7      |
| time/                   |           |
|    fps                  | 2         |
|    iterations           | 334       |
|    time_elapsed         | 21042     |
|    total_timesteps      | 42752     |
| train/                  |           |
|    approx_kl            | 0.0627386 |
|    clip_fraction        | 0.119     |
|    clip_range           | 0.2       |
|    entropy_loss         | -0.929    |
|    explained_variance   | 0.0521    |
|    learning_rate        | 0.0003    |
|    loss                 | 1.5       |
|    n_updates            | 3330      |
|    policy_gradient_loss | -0.0415   |
|    value_loss           | 1.88      |
---------------------------------------
----------------------------------------
| rollout/                |            |
|    ep_len_mean          | 42.4       |
|    ep_rew_mean          | -3.7       |
| time/                   |            |
|    fps                  | 2          |
|    iterations           | 335        |
|    time_elapsed         | 21050      |
|    total_timesteps      | 42880      |
| train/                  |            |
|    approx_kl            | 0.06948375 |
|    clip_fraction        | 0.138      |
|    clip_range           | 0.2        |
|    entropy_loss         | -0.512     |
|    explained_variance   | 0.361      |
|    learning_rate        | 0.0003     |
|    loss                 | -0.0417    |
|    n_updates            | 3340       |
|    policy_gradient_loss | -0.0386    |
|    value_loss           | 0.11       |
----------------------------------------
-----------------------------------------
| rollout/                |             |
|    ep_len_mean          | 42.1        |
|    ep_rew_mean          | -3.7        |
| time/                   |             |
|    fps                  | 2           |
|    iterations           | 336         |
|    time_elapsed         | 21078       |
|    total_timesteps      | 43008       |
| train/                  |             |
|    approx_kl            | 0.009826247 |
|    clip_fraction        | 0.0453      |
|    clip_range           | 0.2         |
|    entropy_loss         | -0.256      |
|    explained_variance   | 0.135       |
|    learning_rate        | 0.0003      |
|    loss                 | 0.0368      |
|    n_updates            | 3350        |
|    policy_gradient_loss | -0.0207     |
|    value_loss           | 0.163       |
-----------------------------------------
---------------------------------------
| rollout/                |           |
|    ep_len_mean          | 29        |
|    ep_rew_mean          | -3.52     |
| time/                   |           |
|    fps                  | 2         |
|    iterations           | 337       |
|    time_elapsed         | 21120     |
|    total_timesteps      | 43136     |
| train/                  |           |
|    approx_kl            | 0.0875804 |
|    clip_fraction        | 0.152     |
|    clip_range           | 0.2       |
|    entropy_loss         | -1.18     |
|    explained_variance   | 0.361     |
|    learning_rate        | 0.0003    |
|    loss                 | 0.0891    |
|    n_updates            | 3360      |
|    policy_gradient_loss | -0.0378   |
|    value_loss           | 0.372     |
---------------------------------------
----------------------------------------
| rollout/                |            |
|    ep_len_mean          | 25.1       |
|    ep_rew_mean          | -3.26      |
| time/                   |            |
|    fps                  | 2          |
|    iterations           | 338        |
|    time_elapsed         | 21141      |
|    total_timesteps      | 43264      |
| train/                  |            |
|    approx_kl            | 0.05445134 |
|    clip_fraction        | 0.158      |
|    clip_range           | 0.2        |
|    entropy_loss         | -1.81      |
|    explained_variance   | -0.0476    |
|    learning_rate        | 0.0003     |
|    loss                 | 2.76       |
|    n_updates            | 3370       |
|    policy_gradient_loss | -0.0348    |
|    value_loss           | 4.83       |
----------------------------------------
-----------------------------------------
| rollout/                |             |
|    ep_len_mean          | 25          |
|    ep_rew_mean          | -3.23       |
| time/                   |             |
|    fps                  | 2           |
|    iterations           | 339         |
|    time_elapsed         | 21164       |
|    total_timesteps      | 43392       |
| train/                  |             |
|    approx_kl            | 0.015361626 |
|    clip_fraction        | 0.0766      |
|    clip_range           | 0.2         |
|    entropy_loss         | -0.634      |
|    explained_variance   | 0.144       |
|    learning_rate        | 0.0003      |
|    loss                 | 0.562       |
|    n_updates            | 3380        |
|    policy_gradient_loss | -0.0325     |
|    value_loss           | 1.84        |
-----------------------------------------
-----------------------------------------
| rollout/                |             |
|    ep_len_mean          | 23.9        |
|    ep_rew_mean          | -3.03       |
| time/                   |             |
|    fps                  | 2           |
|    iterations           | 340         |
|    time_elapsed         | 21197       |
|    total_timesteps      | 43520       |
| train/                  |             |
|    approx_kl            | 0.037092138 |
|    clip_fraction        | 0.126       |
|    clip_range           | 0.2         |
|    entropy_loss         | -1.22       |
|    explained_variance   | 0.109       |
|    learning_rate        | 0.0003      |
|    loss                 | 1.76        |
|    n_updates            | 3390        |
|    policy_gradient_loss | -0.0409     |
|    value_loss           | 3.57        |
-----------------------------------------
---------------------------------------
| rollout/                |           |
|    ep_len_mean          | 21.8      |
|    ep_rew_mean          | -3.02     |
| time/                   |           |
|    fps                  | 2         |
|    iterations           | 341       |
|    time_elapsed         | 21224     |
|    total_timesteps      | 43648     |
| train/                  |           |
|    approx_kl            | 0.0815906 |
|    clip_fraction        | 0.169     |
|    clip_range           | 0.2       |
|    entropy_loss         | -1.14     |
|    explained_variance   | 0.394     |
|    learning_rate        | 0.0003    |
|    loss                 | 0.582     |
|    n_updates            | 3400      |
|    policy_gradient_loss | -0.0379   |
|    value_loss           | 1.32      |
---------------------------------------
-----------------------------------------
| rollout/                |             |
|    ep_len_mean          | 21.8        |
|    ep_rew_mean          | -3.02       |
| time/                   |             |
|    fps                  | 2           |
|    iterations           | 342         |
|    time_elapsed         | 21233       |
|    total_timesteps      | 43776       |
| train/                  |             |
|    approx_kl            | 0.027204502 |
|    clip_fraction        | 0.135       |
|    clip_range           | 0.2         |
|    entropy_loss         | -0.935      |
|    explained_variance   | -0.14       |
|    learning_rate        | 0.0003      |
|    loss                 | 0.261       |
|    n_updates            | 3410        |
|    policy_gradient_loss | -0.0395     |
|    value_loss           | 0.733       |
-----------------------------------------
-----------------------------------------
| rollout/                |             |
|    ep_len_mean          | 22          |
|    ep_rew_mean          | -3.14       |
| time/                   |             |
|    fps                  | 2           |
|    iterations           | 343         |
|    time_elapsed         | 21268       |
|    total_timesteps      | 43904       |
| train/                  |             |
|    approx_kl            | 0.005517585 |
|    clip_fraction        | 0.0219      |
|    clip_range           | 0.2         |
|    entropy_loss         | -0.176      |
|    explained_variance   | 0.716       |
|    learning_rate        | 0.0003      |
|    loss                 | -0.00986    |
|    n_updates            | 3420        |
|    policy_gradient_loss | -0.0128     |
|    value_loss           | 0.144       |
-----------------------------------------
[eval @ 44000] mean_return=-4.65 cleared=0/4  L5:0/2 L6:0/2
----------------------------------------
| eval/                   |            |
|    cleared_rate         | 0          |
|    level_5/clear_rate   | 0          |
|    level_5/mean_return  | -4.9       |
|    level_6/clear_rate   | 0          |
|    level_6/mean_return  | -4.4       |
|    mean_return          | -4.65      |
| rollout/                |            |
|    ep_len_mean          | 22.1       |
|    ep_rew_mean          | -3.15      |
| time/                   |            |
|    fps                  | 2          |
|    iterations           | 344        |
|    time_elapsed         | 21321      |
|    total_timesteps      | 44032      |
| train/                  |            |
|    approx_kl            | 0.09373653 |
|    clip_fraction        | 0.235      |
|    clip_range           | 0.2        |
|    entropy_loss         | -1.68      |
|    explained_variance   | 0.533      |
|    learning_rate        | 0.0003     |
|    loss                 | 0.0467     |
|    n_updates            | 3430       |
|    policy_gradient_loss | -0.0607    |
|    value_loss           | 0.336      |
----------------------------------------
-----------------------------------------
| rollout/                |             |
|    ep_len_mean          | 20.6        |
|    ep_rew_mean          | -3.06       |
| time/                   |             |
|    fps                  | 2           |
|    iterations           | 345         |
|    time_elapsed         | 21361       |
|    total_timesteps      | 44160       |
| train/                  |             |
|    approx_kl            | 0.020692319 |
|    clip_fraction        | 0.0805      |
|    clip_range           | 0.2         |
|    entropy_loss         | -0.53       |
|    explained_variance   | -0.0962     |
|    learning_rate        | 0.0003      |
|    loss                 | 1.07        |
|    n_updates            | 3440        |
|    policy_gradient_loss | -0.0282     |
|    value_loss           | 3.94        |
-----------------------------------------
----------------------------------------
| rollout/                |            |
|    ep_len_mean          | 21         |
|    ep_rew_mean          | -3.08      |
| time/                   |            |
|    fps                  | 2          |
|    iterations           | 346        |
|    time_elapsed         | 21384      |
|    total_timesteps      | 44288      |
| train/                  |            |
|    approx_kl            | 0.14648609 |
|    clip_fraction        | 0.252      |
|    clip_range           | 0.2        |
|    entropy_loss         | -2         |
|    explained_variance   | 0.218      |
|    learning_rate        | 0.0003     |
|    loss                 | 0.148      |
|    n_updates            | 3450       |
|    policy_gradient_loss | -0.0499    |
|    value_loss           | 1.49       |
----------------------------------------
----------------------------------------
| rollout/                |            |
|    ep_len_mean          | 21         |
|    ep_rew_mean          | -3.16      |
| time/                   |            |
|    fps                  | 2          |
|    iterations           | 347        |
|    time_elapsed         | 21418      |
|    total_timesteps      | 44416      |
| train/                  |            |
|    approx_kl            | 0.05745495 |
|    clip_fraction        | 0.0773     |
|    clip_range           | 0.2        |
|    entropy_loss         | -0.648     |
|    explained_variance   | 0.159      |
|    learning_rate        | 0.0003     |
|    loss                 | -0.00806   |
|    n_updates            | 3460       |
|    policy_gradient_loss | -0.0274    |
|    value_loss           | 0.192      |
----------------------------------------
----------------------------------------
| rollout/                |            |
|    ep_len_mean          | 21.6       |
|    ep_rew_mean          | -3.16      |
| time/                   |            |
|    fps                  | 2          |
|    iterations           | 348        |
|    time_elapsed         | 21432      |
|    total_timesteps      | 44544      |
| train/                  |            |
|    approx_kl            | 0.08525507 |
|    clip_fraction        | 0.183      |
|    clip_range           | 0.2        |
|    entropy_loss         | -1.57      |
|    explained_variance   | 0.00898    |
|    learning_rate        | 0.0003     |
|    loss                 | 1.07       |
|    n_updates            | 3470       |
|    policy_gradient_loss | -0.0515    |
|    value_loss           | 3.39       |
----------------------------------------
-----------------------------------------
| rollout/                |             |
|    ep_len_mean          | 21.9        |
|    ep_rew_mean          | -3.39       |
| time/                   |             |
|    fps                  | 2           |
|    iterations           | 349         |
|    time_elapsed         | 21468       |
|    total_timesteps      | 44672       |
| train/                  |             |
|    approx_kl            | 0.014661394 |
|    clip_fraction        | 0.082       |
|    clip_range           | 0.2         |
|    entropy_loss         | -0.252      |
|    explained_variance   | 0.722       |
|    learning_rate        | 0.0003      |
|    loss                 | 0.004       |
|    n_updates            | 3480        |
|    policy_gradient_loss | -0.0248     |
|    value_loss           | 0.089       |
-----------------------------------------
----------------------------------------
| rollout/                |            |
|    ep_len_mean          | 22.9       |
|    ep_rew_mean          | -3.28      |
| time/                   |            |
|    fps                  | 2          |
|    iterations           | 350        |
|    time_elapsed         | 21483      |
|    total_timesteps      | 44800      |
| train/                  |            |
|    approx_kl            | 0.17302406 |
|    clip_fraction        | 0.253      |
|    clip_range           | 0.2        |
|    entropy_loss         | -2.05      |
|    explained_variance   | 0.583      |
|    learning_rate        | 0.0003     |
|    loss                 | -0.0372    |
|    n_updates            | 3490       |
|    policy_gradient_loss | -0.0556    |
|    value_loss           | 0.137      |
----------------------------------------
-----------------------------------------
| rollout/                |             |
|    ep_len_mean          | 22.9        |
|    ep_rew_mean          | -3.27       |
| time/                   |             |
|    fps                  | 2           |
|    iterations           | 351         |
|    time_elapsed         | 21499       |
|    total_timesteps      | 44928       |
| train/                  |             |
|    approx_kl            | 0.021811757 |
|    clip_fraction        | 0.043       |
|    clip_range           | 0.2         |
|    entropy_loss         | -0.294      |
|    explained_variance   | 0.116       |
|    learning_rate        | 0.0003      |
|    loss                 | 0.62        |
|    n_updates            | 3500        |
|    policy_gradient_loss | -0.0191     |
|    value_loss           | 1.44        |
-----------------------------------------
----------------------------------------
| rollout/                |            |
|    ep_len_mean          | 25.1       |
|    ep_rew_mean          | -3.25      |
| time/                   |            |
|    fps                  | 2          |
|    iterations           | 352        |
|    time_elapsed         | 21523      |
|    total_timesteps      | 45056      |
| train/                  |            |
|    approx_kl            | 0.09364751 |
|    clip_fraction        | 0.144      |
|    clip_range           | 0.2        |
|    entropy_loss         | -0.685     |
|    explained_variance   | 0.768      |
|    learning_rate        | 0.0003     |
|    loss                 | -0.0465    |
|    n_updates            | 3510       |
|    policy_gradient_loss | -0.0488    |
|    value_loss           | 0.118      |
----------------------------------------
-----------------------------------------
| rollout/                |             |
|    ep_len_mean          | 22.5        |
|    ep_rew_mean          | -3.44       |
| time/                   |             |
|    fps                  | 2           |
|    iterations           | 353         |
|    time_elapsed         | 21564       |
|    total_timesteps      | 45184       |
| train/                  |             |
|    approx_kl            | 0.050844543 |
|    clip_fraction        | 0.109       |
|    clip_range           | 0.2         |
|    entropy_loss         | -0.689      |
|    explained_variance   | 0.632       |
|    learning_rate        | 0.0003      |
|    loss                 | 0.107       |
|    n_updates            | 3520        |
|    policy_gradient_loss | -0.0234     |
|    value_loss           | 0.292       |
-----------------------------------------
----------------------------------------
| rollout/                |            |
|    ep_len_mean          | 23         |
|    ep_rew_mean          | -3.44      |
| time/                   |            |
|    fps                  | 2          |
|    iterations           | 354        |
|    time_elapsed         | 21576      |
|    total_timesteps      | 45312      |
| train/                  |            |
|    approx_kl            | 0.20889598 |
|    clip_fraction        | 0.195      |
|    clip_range           | 0.2        |
|    entropy_loss         | -1.43      |
|    explained_variance   | 0.0799     |
|    learning_rate        | 0.0003     |
|    loss                 | 0.148      |
|    n_updates            | 3530       |
|    policy_gradient_loss | -0.044     |
|    value_loss           | 0.609      |
----------------------------------------
-----------------------------------------
| rollout/                |             |
|    ep_len_mean          | 24.1        |
|    ep_rew_mean          | -3.54       |
| time/                   |             |
|    fps                  | 2           |
|    iterations           | 355         |
|    time_elapsed         | 21605       |
|    total_timesteps      | 45440       |
| train/                  |             |
|    approx_kl            | 0.027022744 |
|    clip_fraction        | 0.0711      |
|    clip_range           | 0.2         |
|    entropy_loss         | -0.245      |
|    explained_variance   | 0.809       |
|    learning_rate        | 0.0003      |
|    loss                 | -0.00359    |
|    n_updates            | 3540        |
|    policy_gradient_loss | -0.0231     |
|    value_loss           | 0.0712      |
-----------------------------------------
----------------------------------------
| rollout/                |            |
|    ep_len_mean          | 24.9       |
|    ep_rew_mean          | -3.65      |
| time/                   |            |
|    fps                  | 2          |
|    iterations           | 356        |
|    time_elapsed         | 21625      |
|    total_timesteps      | 45568      |
| train/                  |            |
|    approx_kl            | 0.08632126 |
|    clip_fraction        | 0.127      |
|    clip_range           | 0.2        |
|    entropy_loss         | -0.906     |
|    explained_variance   | 0.537      |
|    learning_rate        | 0.0003     |
|    loss                 | 0.133      |
|    n_updates            | 3550       |
|    policy_gradient_loss | -0.0334    |
|    value_loss           | 0.418      |
----------------------------------------
-----------------------------------------
| rollout/                |             |
|    ep_len_mean          | 25.4        |
|    ep_rew_mean          | -3.65       |
| time/                   |             |
|    fps                  | 2           |
|    iterations           | 357         |
|    time_elapsed         | 21646       |
|    total_timesteps      | 45696       |
| train/                  |             |
|    approx_kl            | 0.023341034 |
|    clip_fraction        | 0.0758      |
|    clip_range           | 0.2         |
|    entropy_loss         | -0.508      |
|    explained_variance   | 0.691       |
|    learning_rate        | 0.0003      |
|    loss                 | -0.00545    |
|    n_updates            | 3560        |
|    policy_gradient_loss | -0.0257     |
|    value_loss           | 0.105       |
-----------------------------------------
---------------------------------------
| rollout/                |           |
|    ep_len_mean          | 24.6      |
|    ep_rew_mean          | -3.8      |
| time/                   |           |
|    fps                  | 2         |
|    iterations           | 358       |
|    time_elapsed         | 21698     |
|    total_timesteps      | 45824     |
| train/                  |           |
|    approx_kl            | 0.0920029 |
|    clip_fraction        | 0.2       |
|    clip_range           | 0.2       |
|    entropy_loss         | -1        |
|    explained_variance   | 0.799     |
|    learning_rate        | 0.0003    |
|    loss                 | -0.0351   |
|    n_updates            | 3570      |
|    policy_gradient_loss | -0.0366   |
|    value_loss           | 0.116     |
---------------------------------------
----------------------------------------
| rollout/                |            |
|    ep_len_mean          | 24.3       |
|    ep_rew_mean          | -4.21      |
| time/                   |            |
|    fps                  | 2          |
|    iterations           | 359        |
|    time_elapsed         | 21754      |
|    total_timesteps      | 45952      |
| train/                  |            |
|    approx_kl            | 0.13945907 |
|    clip_fraction        | 0.195      |
|    clip_range           | 0.2        |
|    entropy_loss         | -1.63      |
|    explained_variance   | -0.258     |
|    learning_rate        | 0.0003     |
|    loss                 | 2.05       |
|    n_updates            | 3580       |
|    policy_gradient_loss | -0.0462    |
|    value_loss           | 4.16       |
----------------------------------------
[eval @ 46000] mean_return=-3.23 cleared=1/4  L5:1/2 L6:0/2
----------------------------------------
| eval/                   |            |
|    cleared_rate         | 0.25       |
|    level_5/clear_rate   | 0.5        |
|    level_5/mean_return  | -1.5       |
|    level_6/clear_rate   | 0          |
|    level_6/mean_return  | -4.95      |
|    mean_return          | -3.23      |
| rollout/                |            |
|    ep_len_mean          | 21.1       |
|    ep_rew_mean          | -4.12      |
| time/                   |            |
|    fps                  | 2          |
|    iterations           | 360        |
|    time_elapsed         | 21833      |
|    total_timesteps      | 46080      |
| train/                  |            |
|    approx_kl            | 0.14868462 |
|    clip_fraction        | 0.298      |
|    clip_range           | 0.2        |
|    entropy_loss         | -2.76      |
|    explained_variance   | -1.67      |
|    learning_rate        | 0.0003     |
|    loss                 | 0.0126     |
|    n_updates            | 3590       |
|    policy_gradient_loss | -0.0701    |
|    value_loss           | 0.451      |
----------------------------------------
----------------------------------------
| rollout/                |            |
|    ep_len_mean          | 19.3       |
|    ep_rew_mean          | -4.3       |
| time/                   |            |
|    fps                  | 2          |
|    iterations           | 361        |
|    time_elapsed         | 21907      |
|    total_timesteps      | 46208      |
| train/                  |            |
|    approx_kl            | 0.07101205 |
|    clip_fraction        | 0.246      |
|    clip_range           | 0.2        |
|    entropy_loss         | -2.31      |
|    explained_variance   | 0.0557     |
|    learning_rate        | 0.0003     |
|    loss                 | 0.859      |
|    n_updates            | 3600       |
|    policy_gradient_loss | -0.0493    |
|    value_loss           | 3.27       |
----------------------------------------
-----------------------------------------
| rollout/                |             |
|    ep_len_mean          | 17.6        |
|    ep_rew_mean          | -4.28       |
| time/                   |             |
|    fps                  | 2           |
|    iterations           | 362         |
|    time_elapsed         | 21971       |
|    total_timesteps      | 46336       |
| train/                  |             |
|    approx_kl            | 0.059680272 |
|    clip_fraction        | 0.307       |
|    clip_range           | 0.2         |
|    entropy_loss         | -2.84       |
|    explained_variance   | -0.731      |
|    learning_rate        | 0.0003      |
|    loss                 | 0.0296      |
|    n_updates            | 3610        |
|    policy_gradient_loss | -0.0709     |
|    value_loss           | 0.334       |
-----------------------------------------
----------------------------------------
| rollout/                |            |
|    ep_len_mean          | 16.6       |
|    ep_rew_mean          | -4.39      |
| time/                   |            |
|    fps                  | 2          |
|    iterations           | 363        |
|    time_elapsed         | 22032      |
|    total_timesteps      | 46464      |
| train/                  |            |
|    approx_kl            | 0.06872851 |
|    clip_fraction        | 0.334      |
|    clip_range           | 0.2        |
|    entropy_loss         | -2.72      |
|    explained_variance   | 0.144      |
|    learning_rate        | 0.0003     |
|    loss                 | 1.63       |
|    n_updates            | 3620       |
|    policy_gradient_loss | -0.0496    |
|    value_loss           | 3.93       |
----------------------------------------
----------------------------------------
| rollout/                |            |
|    ep_len_mean          | 12.5       |
|    ep_rew_mean          | -4.19      |
| time/                   |            |
|    fps                  | 2          |
|    iterations           | 364        |
|    time_elapsed         | 22100      |
|    total_timesteps      | 46592      |
| train/                  |            |
|    approx_kl            | 0.04199037 |
|    clip_fraction        | 0.193      |
|    clip_range           | 0.2        |
|    entropy_loss         | -1.86      |
|    explained_variance   | -0.164     |
|    learning_rate        | 0.0003     |
|    loss                 | -0.00334   |
|    n_updates            | 3630       |
|    policy_gradient_loss | -0.0561    |
|    value_loss           | 0.264      |
----------------------------------------
----------------------------------------
| rollout/                |            |
|    ep_len_mean          | 9.51       |
|    ep_rew_mean          | -4.07      |
| time/                   |            |
|    fps                  | 2          |
|    iterations           | 365        |
|    time_elapsed         | 22173      |
|    total_timesteps      | 46720      |
| train/                  |            |
|    approx_kl            | 0.07733311 |
|    clip_fraction        | 0.208      |
|    clip_range           | 0.2        |
|    entropy_loss         | -2.89      |
|    explained_variance   | 0.202      |
|    learning_rate        | 0.0003     |
|    loss                 | 3.23       |
|    n_updates            | 3640       |
|    policy_gradient_loss | -0.0478    |
|    value_loss           | 6.24       |
----------------------------------------
----------------------------------------
| rollout/                |            |
|    ep_len_mean          | 9.34       |
|    ep_rew_mean          | -3.66      |
| time/                   |            |
|    fps                  | 2          |
|    iterations           | 366        |
|    time_elapsed         | 22240      |
|    total_timesteps      | 46848      |
| train/                  |            |
|    approx_kl            | 0.12786563 |
|    clip_fraction        | 0.279      |
|    clip_range           | 0.2        |
|    entropy_loss         | -3.02      |
|    explained_variance   | 0.315      |
|    learning_rate        | 0.0003     |
|    loss                 | 1.62       |
|    n_updates            | 3650       |
|    policy_gradient_loss | -0.061     |
|    value_loss           | 4.3        |
----------------------------------------
----------------------------------------
| rollout/                |            |
|    ep_len_mean          | 9.74       |
|    ep_rew_mean          | -3.72      |
| time/                   |            |
|    fps                  | 2          |
|    iterations           | 367        |
|    time_elapsed         | 22302      |
|    total_timesteps      | 46976      |
| train/                  |            |
|    approx_kl            | 0.14332706 |
|    clip_fraction        | 0.355      |
|    clip_range           | 0.2        |
|    entropy_loss         | -3.62      |
|    explained_variance   | 0.331      |
|    learning_rate        | 0.0003     |
|    loss                 | 3.11       |
|    n_updates            | 3660       |
|    policy_gradient_loss | -0.0665    |
|    value_loss           | 8.12       |
----------------------------------------
----------------------------------------
| rollout/                |            |
|    ep_len_mean          | 10.2       |
|    ep_rew_mean          | -3.72      |
| time/                   |            |
|    fps                  | 2          |
|    iterations           | 368        |
|    time_elapsed         | 22345      |
|    total_timesteps      | 47104      |
| train/                  |            |
|    approx_kl            | 0.13425207 |
|    clip_fraction        | 0.233      |
|    clip_range           | 0.2        |
|    entropy_loss         | -2.91      |
|    explained_variance   | -3.94      |
|    learning_rate        | 0.0003     |
|    loss                 | 0.0579     |
|    n_updates            | 3670       |
|    policy_gradient_loss | -0.0576    |
|    value_loss           | 1.02       |
----------------------------------------
-----------------------------------------
| rollout/                |             |
|    ep_len_mean          | 10.4        |
|    ep_rew_mean          | -3.62       |
| time/                   |             |
|    fps                  | 2           |
|    iterations           | 369         |
|    time_elapsed         | 22401       |
|    total_timesteps      | 47232       |
| train/                  |             |
|    approx_kl            | 0.074027196 |
|    clip_fraction        | 0.198       |
|    clip_range           | 0.2         |
|    entropy_loss         | -1.34       |
|    explained_variance   | -0.701      |
|    learning_rate        | 0.0003      |
|    loss                 | 0.064       |
|    n_updates            | 3680        |
|    policy_gradient_loss | -0.0557     |
|    value_loss           | 0.288       |
-----------------------------------------
----------------------------------------
| rollout/                |            |
|    ep_len_mean          | 11.4       |
|    ep_rew_mean          | -3.73      |
| time/                   |            |
|    fps                  | 2          |
|    iterations           | 370        |
|    time_elapsed         | 22448      |
|    total_timesteps      | 47360      |
| train/                  |            |
|    approx_kl            | 0.07313976 |
|    clip_fraction        | 0.224      |
|    clip_range           | 0.2        |
|    entropy_loss         | -2.21      |
|    explained_variance   | 0.0775     |
|    learning_rate        | 0.0003     |
|    loss                 | 1.47       |
|    n_updates            | 3690       |
|    policy_gradient_loss | -0.034     |
|    value_loss           | 3.49       |
----------------------------------------
----------------------------------------
| rollout/                |            |
|    ep_len_mean          | 11.3       |
|    ep_rew_mean          | -3.69      |
| time/                   |            |
|    fps                  | 2          |
|    iterations           | 371        |
|    time_elapsed         | 22513      |
|    total_timesteps      | 47488      |
| train/                  |            |
|    approx_kl            | 0.19438213 |
|    clip_fraction        | 0.234      |
|    clip_range           | 0.2        |
|    entropy_loss         | -1.61      |
|    explained_variance   | -0.535     |
|    learning_rate        | 0.0003     |
|    loss                 | 0.0533     |
|    n_updates            | 3700       |
|    policy_gradient_loss | -0.0448    |
|    value_loss           | 0.41       |
----------------------------------------
----------------------------------------
| rollout/                |            |
|    ep_len_mean          | 11.8       |
|    ep_rew_mean          | -3.57      |
| time/                   |            |
|    fps                  | 2          |
|    iterations           | 372        |
|    time_elapsed         | 22553      |
|    total_timesteps      | 47616      |
| train/                  |            |
|    approx_kl            | 0.08917843 |
|    clip_fraction        | 0.212      |
|    clip_range           | 0.2        |
|    entropy_loss         | -1.72      |
|    explained_variance   | 0.0264     |
|    learning_rate        | 0.0003     |
|    loss                 | 1.76       |
|    n_updates            | 3710       |
|    policy_gradient_loss | -0.031     |
|    value_loss           | 3.8        |
----------------------------------------
----------------------------------------
| rollout/                |            |
|    ep_len_mean          | 12.2       |
|    ep_rew_mean          | -3.55      |
| time/                   |            |
|    fps                  | 2          |
|    iterations           | 373        |
|    time_elapsed         | 22608      |
|    total_timesteps      | 47744      |
| train/                  |            |
|    approx_kl            | 0.10026711 |
|    clip_fraction        | 0.236      |
|    clip_range           | 0.2        |
|    entropy_loss         | -1.35      |
|    explained_variance   | 0.0937     |
|    learning_rate        | 0.0003     |
|    loss                 | 1.89       |
|    n_updates            | 3720       |
|    policy_gradient_loss | -0.0485    |
|    value_loss           | 3.3        |
----------------------------------------
----------------------------------------
| rollout/                |            |
|    ep_len_mean          | 12.7       |
|    ep_rew_mean          | -3.55      |
| time/                   |            |
|    fps                  | 2          |
|    iterations           | 374        |
|    time_elapsed         | 22649      |
|    total_timesteps      | 47872      |
| train/                  |            |
|    approx_kl            | 0.11407708 |
|    clip_fraction        | 0.246      |
|    clip_range           | 0.2        |
|    entropy_loss         | -1.3       |
|    explained_variance   | 0.192      |
|    learning_rate        | 0.0003     |
|    loss                 | 1.66       |
|    n_updates            | 3730       |
|    policy_gradient_loss | -0.0411    |
|    value_loss           | 2.93       |
----------------------------------------
[eval @ 48000] mean_return=-4.92 cleared=0/4  L5:0/2 L6:0/2
-----------------------------------------
| eval/                   |             |
|    cleared_rate         | 0           |
|    level_5/clear_rate   | 0           |
|    level_5/mean_return  | -4.94       |
|    level_6/clear_rate   | 0           |
|    level_6/mean_return  | -4.9        |
|    mean_return          | -4.92       |
| rollout/                |             |
|    ep_len_mean          | 13.1        |
|    ep_rew_mean          | -3.52       |
| time/                   |             |
|    fps                  | 2           |
|    iterations           | 375         |
|    time_elapsed         | 22713       |
|    total_timesteps      | 48000       |
| train/                  |             |
|    approx_kl            | 0.059089143 |
|    clip_fraction        | 0.123       |
|    clip_range           | 0.2         |
|    entropy_loss         | -0.974      |
|    explained_variance   | 0.4         |
|    learning_rate        | 0.0003      |
|    loss                 | 0.604       |
|    n_updates            | 3740        |
|    policy_gradient_loss | -0.0371     |
|    value_loss           | 1.88        |
-----------------------------------------
-----------------------------------------
| rollout/                |             |
|    ep_len_mean          | 13.8        |
|    ep_rew_mean          | -3.63       |
| time/                   |             |
|    fps                  | 2           |
|    iterations           | 376         |
|    time_elapsed         | 22768       |
|    total_timesteps      | 48128       |
| train/                  |             |
|    approx_kl            | 0.042639375 |
|    clip_fraction        | 0.199       |
|    clip_range           | 0.2         |
|    entropy_loss         | -1.35       |
|    explained_variance   | 0.632       |
|    learning_rate        | 0.0003      |
|    loss                 | 0.455       |
|    n_updates            | 3750        |
|    policy_gradient_loss | -0.0455     |
|    value_loss           | 1.9         |
-----------------------------------------
----------------------------------------
| rollout/                |            |
|    ep_len_mean          | 13.9       |
|    ep_rew_mean          | -3.53      |
| time/                   |            |
|    fps                  | 2          |
|    iterations           | 377        |
|    time_elapsed         | 22818      |
|    total_timesteps      | 48256      |
| train/                  |            |
|    approx_kl            | 0.10841197 |
|    clip_fraction        | 0.169      |
|    clip_range           | 0.2        |
|    entropy_loss         | -1.09      |
|    explained_variance   | -0.521     |
|    learning_rate        | 0.0003     |
|    loss                 | 0.0801     |
|    n_updates            | 3760       |
|    policy_gradient_loss | -0.0403    |
|    value_loss           | 0.349      |
----------------------------------------
----------------------------------------
| rollout/                |            |
|    ep_len_mean          | 14         |
|    ep_rew_mean          | -3.32      |
| time/                   |            |
|    fps                  | 2          |
|    iterations           | 378        |
|    time_elapsed         | 22879      |
|    total_timesteps      | 48384      |
| train/                  |            |
|    approx_kl            | 0.07962556 |
|    clip_fraction        | 0.199      |
|    clip_range           | 0.2        |
|    entropy_loss         | -1.24      |
|    explained_variance   | 0.871      |
|    learning_rate        | 0.0003     |
|    loss                 | 0.223      |
|    n_updates            | 3770       |
|    policy_gradient_loss | -0.046     |
|    value_loss           | 1.36       |
----------------------------------------
----------------------------------------
| rollout/                |            |
|    ep_len_mean          | 13.5       |
|    ep_rew_mean          | -2.95      |
| time/                   |            |
|    fps                  | 2          |
|    iterations           | 379        |
|    time_elapsed         | 22929      |
|    total_timesteps      | 48512      |
| train/                  |            |
|    approx_kl            | 0.12844934 |
|    clip_fraction        | 0.287      |
|    clip_range           | 0.2        |
|    entropy_loss         | -1.88      |
|    explained_variance   | 0.579      |
|    learning_rate        | 0.0003     |
|    loss                 | 1.82       |
|    n_updates            | 3780       |
|    policy_gradient_loss | -0.0497    |
|    value_loss           | 3.75       |
----------------------------------------
-----------------------------------------
| rollout/                |             |
|    ep_len_mean          | 14.6        |
|    ep_rew_mean          | -2.95       |
| time/                   |             |
|    fps                  | 2           |
|    iterations           | 380         |
|    time_elapsed         | 22958       |
|    total_timesteps      | 48640       |
| train/                  |             |
|    approx_kl            | 0.083879724 |
|    clip_fraction        | 0.173       |
|    clip_range           | 0.2         |
|    entropy_loss         | -1.6        |
|    explained_variance   | 0.583       |
|    learning_rate        | 0.0003      |
|    loss                 | 1.74        |
|    n_updates            | 3790        |
|    policy_gradient_loss | -0.0445     |
|    value_loss           | 4.71        |
-----------------------------------------
----------------------------------------
| rollout/                |            |
|    ep_len_mean          | 14.6       |
|    ep_rew_mean          | -3.05      |
| time/                   |            |
|    fps                  | 2          |
|    iterations           | 381        |
|    time_elapsed         | 22991      |
|    total_timesteps      | 48768      |
| train/                  |            |
|    approx_kl            | 0.06737169 |
|    clip_fraction        | 0.112      |
|    clip_range           | 0.2        |
|    entropy_loss         | -0.728     |
|    explained_variance   | 0.204      |
|    learning_rate        | 0.0003     |
|    loss                 | 0.102      |
|    n_updates            | 3800       |
|    policy_gradient_loss | -0.0326    |
|    value_loss           | 0.256      |
----------------------------------------
-----------------------------------------
| rollout/                |             |
|    ep_len_mean          | 15.1        |
|    ep_rew_mean          | -2.74       |
| time/                   |             |
|    fps                  | 2           |
|    iterations           | 382         |
|    time_elapsed         | 23032       |
|    total_timesteps      | 48896       |
| train/                  |             |
|    approx_kl            | 0.042721003 |
|    clip_fraction        | 0.14        |
|    clip_range           | 0.2         |
|    entropy_loss         | -0.961      |
|    explained_variance   | -8.29       |
|    learning_rate        | 0.0003      |
|    loss                 | 0.403       |
|    n_updates            | 3810        |
|    policy_gradient_loss | -0.0425     |
|    value_loss           | 2.15        |
-----------------------------------------
----------------------------------------
| rollout/                |            |
|    ep_len_mean          | 16.3       |
|    ep_rew_mean          | -2.73      |
| time/                   |            |
|    fps                  | 2          |
|    iterations           | 383        |
|    time_elapsed         | 23052      |
|    total_timesteps      | 49024      |
| train/                  |            |
|    approx_kl            | 0.05225987 |
|    clip_fraction        | 0.152      |
|    clip_range           | 0.2        |
|    entropy_loss         | -1.45      |
|    explained_variance   | 0.499      |
|    learning_rate        | 0.0003     |
|    loss                 | 2.57       |
|    n_updates            | 3820       |
|    policy_gradient_loss | -0.05      |
|    value_loss           | 4.64       |
----------------------------------------
----------------------------------------
| rollout/                |            |
|    ep_len_mean          | 16.7       |
|    ep_rew_mean          | -2.63      |
| time/                   |            |
|    fps                  | 2          |
|    iterations           | 384        |
|    time_elapsed         | 23079      |
|    total_timesteps      | 49152      |
| train/                  |            |
|    approx_kl            | 0.02151575 |
|    clip_fraction        | 0.0672     |
|    clip_range           | 0.2        |
|    entropy_loss         | -0.414     |
|    explained_variance   | 0.779      |
|    learning_rate        | 0.0003     |
|    loss                 | 0.317      |
|    n_updates            | 3830       |
|    policy_gradient_loss | -0.0334    |
|    value_loss           | 0.876      |
----------------------------------------
----------------------------------------
| rollout/                |            |
|    ep_len_mean          | 17.5       |
|    ep_rew_mean          | -2.65      |
| time/                   |            |
|    fps                  | 2          |
|    iterations           | 385        |
|    time_elapsed         | 23099      |
|    total_timesteps      | 49280      |
| train/                  |            |
|    approx_kl            | 0.10434565 |
|    clip_fraction        | 0.135      |
|    clip_range           | 0.2        |
|    entropy_loss         | -0.782     |
|    explained_variance   | 0.393      |
|    learning_rate        | 0.0003     |
|    loss                 | 1.14       |
|    n_updates            | 3840       |
|    policy_gradient_loss | -0.0487    |
|    value_loss           | 2.38       |
----------------------------------------
-----------------------------------------
| rollout/                |             |
|    ep_len_mean          | 18.1        |
|    ep_rew_mean          | -2.63       |
| time/                   |             |
|    fps                  | 2           |
|    iterations           | 386         |
|    time_elapsed         | 23134       |
|    total_timesteps      | 49408       |
| train/                  |             |
|    approx_kl            | 0.009646606 |
|    clip_fraction        | 0.0258      |
|    clip_range           | 0.2         |
|    entropy_loss         | -0.108      |
|    explained_variance   | 0.0652      |
|    learning_rate        | 0.0003      |
|    loss                 | 0.13        |
|    n_updates            | 3850        |
|    policy_gradient_loss | -0.0102     |
|    value_loss           | 0.31        |
-----------------------------------------
----------------------------------------
| rollout/                |            |
|    ep_len_mean          | 18.2       |
|    ep_rew_mean          | -2.64      |
| time/                   |            |
|    fps                  | 2          |
|    iterations           | 387        |
|    time_elapsed         | 23186      |
|    total_timesteps      | 49536      |
| train/                  |            |
|    approx_kl            | 0.03306437 |
|    clip_fraction        | 0.14       |
|    clip_range           | 0.2        |
|    entropy_loss         | -0.764     |
|    explained_variance   | 0.768      |
|    learning_rate        | 0.0003     |
|    loss                 | 0.169      |
|    n_updates            | 3860       |
|    policy_gradient_loss | -0.0377    |
|    value_loss           | 0.705      |
----------------------------------------
---------------------------------------
| rollout/                |           |
|    ep_len_mean          | 18.5      |
|    ep_rew_mean          | -2.44     |
| time/                   |           |
|    fps                  | 2         |
|    iterations           | 388       |
|    time_elapsed         | 23222     |
|    total_timesteps      | 49664     |
| train/                  |           |
|    approx_kl            | 0.1766569 |
|    clip_fraction        | 0.221     |
|    clip_range           | 0.2       |
|    entropy_loss         | -1.45     |
|    explained_variance   | -1.64     |
|    learning_rate        | 0.0003    |
|    loss                 | 0.486     |
|    n_updates            | 3870      |
|    policy_gradient_loss | -0.0445   |
|    value_loss           | 3.08      |
---------------------------------------
-----------------------------------------
| rollout/                |             |
|    ep_len_mean          | 18.3        |
|    ep_rew_mean          | -2.45       |
| time/                   |             |
|    fps                  | 2           |
|    iterations           | 389         |
|    time_elapsed         | 23268       |
|    total_timesteps      | 49792       |
| train/                  |             |
|    approx_kl            | 0.039211072 |
|    clip_fraction        | 0.133       |
|    clip_range           | 0.2         |
|    entropy_loss         | -0.978      |
|    explained_variance   | 0.312       |
|    learning_rate        | 0.0003      |
|    loss                 | 1.35        |
|    n_updates            | 3880        |
|    policy_gradient_loss | -0.0229     |
|    value_loss           | 5.13        |
-----------------------------------------
-----------------------------------------
| rollout/                |             |
|    ep_len_mean          | 18.2        |
|    ep_rew_mean          | -2.33       |
| time/                   |             |
|    fps                  | 2           |
|    iterations           | 390         |
|    time_elapsed         | 23312       |
|    total_timesteps      | 49920       |
| train/                  |             |
|    approx_kl            | 0.048798174 |
|    clip_fraction        | 0.135       |
|    clip_range           | 0.2         |
|    entropy_loss         | -0.935      |
|    explained_variance   | 0.601       |
|    learning_rate        | 0.0003      |
|    loss                 | 0.941       |
|    n_updates            | 3890        |
|    policy_gradient_loss | -0.0445     |
|    value_loss           | 2.36        |
-----------------------------------------
[eval @ 50000] mean_return=-4.95 cleared=0/4  L5:0/2 L6:0/2
---------------------------------------
| eval/                   |           |
|    cleared_rate         | 0         |
|    level_5/clear_rate   | 0         |
|    level_5/mean_return  | -4.95     |
|    level_6/clear_rate   | 0         |
|    level_6/mean_return  | -4.95     |
|    mean_return          | -4.95     |
| rollout/                |           |
|    ep_len_mean          | 18.5      |
|    ep_rew_mean          | -2.43     |
| time/                   |           |
|    fps                  | 2         |
|    iterations           | 391       |
|    time_elapsed         | 23370     |
|    total_timesteps      | 50048     |
| train/                  |           |
|    approx_kl            | 0.0985462 |
|    clip_fraction        | 0.165     |
|    clip_range           | 0.2       |
|    entropy_loss         | -0.892    |
|    explained_variance   | 0.657     |
|    learning_rate        | 0.0003    |
|    loss                 | 1.27      |
|    n_updates            | 3900      |
|    policy_gradient_loss | -0.0456   |
|    value_loss           | 2.67      |
---------------------------------------
saved /Users/archangel/Documents/Projects/wii-play-tank-ai/models/latest at 50048 steps
=== finished cleanly ===
